id,name,R0_reported,R0_preset,incubation_days_reported,latent_L_days_preset,infectious_T_days_preset,fatality_reported,death_share_p_preset,fatality_measure,routes,airborne_share_a,sigma,gamma,mu,beta_total,beta_air,beta_contact,sources
covid19_ancestral,COVID-19 (ancestral SARS-CoV-2),2.3-2.5,2.5,6.57 pooled all variants,4,7,CFR <1-13.56% by country; IFR ~0.5-1% (textbook),0.007,IFR,airborne/droplet + contact,0.6,0.25,0.14186,0.001,0.3571,0.2143,0.1429,https://pmc.ncbi.nlm.nih.gov/articles/PMC8555610/table/T1 https://jamanetwork.com/journals/jamanetworkopen/fullarticle/2795489
covid19_alpha,COVID-19 Alpha,higher than ancestral (textbook),4,5.00,3.5,6,,0.005,IFR (textbook),airborne/droplet,0.7,0.2857,0.16583,0.00083,0.6667,0.4667,0.2,https://jamanetwork.com/journals/jamanetworkopen/fullarticle/2795489 [TEXTBOOK-UNVERIFIED]
covid19_delta,COVID-19 Delta,5-7 (textbook),6,4.41; serial interval 2.3-5.8,3,6,,0.004,IFR (textbook),airborne/droplet,0.75,0.3333,0.166,0.00067,1.0,0.75,0.25,https://jamanetwork.com/journals/jamanetworkopen/fullarticle/2795489 https://pmc.ncbi.nlm.nih.gov/articles/PMC10291789 [TEXTBOOK-UNVERIFIED]
covid19_omicron,COVID-19 Omicron,8-10 (textbook),8,3.42 (95% CI 2.88-3.96); serial interval 2.1-4.8,2,5,much lower per infection (textbook),0.001,IFR (textbook),airborne/droplet,0.85,0.5,0.1998,0.0002,1.6,1.36,0.24,https://jamanetwork.com/journals/jamanetworkopen/fullarticle/2795489 https://pmc.ncbi.nlm.nih.gov/articles/PMC10291789 [TEXTBOOK-UNVERIFIED]
influenza_1918,Influenza 1918 pandemic,1.8-2.0 (textbook),2.0,1-4 (textbook),1.5,4,~2-3% CFR (textbook); Western Samoa lost 19-22% of population,0.025,CFR,droplet/airborne,0.6,0.6667,0.24375,0.00625,0.5,0.3,0.2,[TEXTBOOK-UNVERIFIED]
influenza_2009_h1n1,Influenza A(H1N1)pdm09,1.4-1.6,1.5,1-4 (textbook),1.5,4,0.4-6.7% (CFR range in table),0.0002,IFR (textbook),droplet/airborne/contact,0.6,0.6667,0.24995,5e-05,0.375,0.225,0.15,https://pmc.ncbi.nlm.nih.gov/articles/PMC8555610/table/T1
sars_2003,SARS (2002-03),0.3-4.1,2.5,2-10 (textbook),4,10,10.86% pooled,0.11,CFR,droplet + contact,0.3,0.25,0.089,0.011,0.25,0.075,0.175,https://pmc.ncbi.nlm.nih.gov/articles/PMC8555610/table/T1 https://doaj.org/article/9e91d897f41f4ba99f0e1449aa6d154f
mers,MERS-CoV,0.3-1.3,0.8,2-14 (textbook),5,10,~35-40% outbreak; 18.49% pooled,0.35,CFR,contact/droplet; camel reservoir,0.3,0.2,0.065,0.035,0.08,0.024,0.056,https://pmc.ncbi.nlm.nih.gov/articles/PMC8555610/table/T1 https://pmc.ncbi.nlm.nih.gov/articles/PMC4322060 https://doaj.org/article/9e91d897f41f4ba99f0e1449aa6d154f
ebola,Ebola virus disease,1.5-1.9,1.7,2-21 (textbook),9,8,61.06% pooled (Africa),0.5,CFR,direct contact with body fluids,0.05,0.1111,0.0625,0.0625,0.2125,0.0106,0.2019,https://pmc.ncbi.nlm.nih.gov/articles/PMC8555610/table/T1 https://doaj.org/article/9e91d897f41f4ba99f0e1449aa6d154f
nipah,Nipah virus,0.48,0.48,4-14 (textbook),9,7,55.19% pooled,0.55,CFR,"contact, ingestion",0.1,0.1111,0.06429,0.07857,0.0686,0.0069,0.0617,https://pmc.ncbi.nlm.nih.gov/articles/PMC8555610/table/T1 https://doaj.org/article/9e91d897f41f4ba99f0e1449aa6d154f
h5n1,Avian influenza A(H5N1) in humans,<1 (no sustained human spread),0.3,2-5 (textbook),3,7,"65.8% (320 deaths / 486 cases, WPRO 2003-Aug 2026)",0.658,CFR,contact with poultry,0.5,0.3333,0.04886,0.094,0.0429,0.0214,0.0214,https://cdn.who.int/media/docs/default-source/wpro---documents/emergency/surveillance/avian-influenza/ai_20260828.pdf
andes_hantavirus,Andes hantavirus (person-to-person),<1 except superspreading,0.8,7-39 (person-to-person shorter than environmental),18,7,32-50% (Chile 32-35%/yr; Epuyen 32%),0.35,CFR,close contact / droplet,0.3,0.0556,0.09286,0.05,0.1143,0.0343,0.08,https://wwwnc.cdc.gov/eid/article/20/10/14-0353 https://www.frontiersin.org/journals/microbiology/articles/10.3389/fmicb.2019.02992/full https://stacks.cdc.gov/view/cdc/16079/cdc_16079_DS1.pdf https://www.2minutemedicine.com/increased-close-contact-leads-to-spread-of-andes-virus-in-argentina/
sin_nombre_hantavirus,Sin Nombre hantavirus,~0 (no person-to-person),0.0,1-6 weeks (textbook),21,7,~36% (textbook),0.36,CFR,rodent aerosol only,0.0,0.0476,0.09143,0.05143,0.0,0.0,0.0,https://stacks.cdc.gov/view/cdc/16079/cdc_16079_DS1.pdf [TEXTBOOK-UNVERIFIED]
measles,Measles,12-18 (textbook),15,10-14 (textbook),10,8,~0.1-0.3% high-income (textbook),0.002,CFR,airborne,0.9,0.1,0.12475,0.00025,1.875,1.6875,0.1875,[TEXTBOOK-UNVERIFIED]
smallpox,Smallpox (variola major),5-7 (textbook),6,7-17 (textbook),12,14,~30% (textbook),0.3,CFR,droplet + contact,0.3,0.0833,0.05,0.02143,0.4286,0.1286,0.3,[TEXTBOOK-UNVERIFIED]
