unit_id,adm0_a3,gu_a3,su_a3,name,name_long,sovereignt,type,continent,region_un,subregion,pop_est,pop_year,ghsl_pop_2020,area_km2,density_per_km2,centroid_lat,centroid_lon
CHN,CHN,CHN,CHN,China,China,China,Country,Asia,Asia,Eastern Asia,1397715000.0,2019,1425709585.0,9375210.0,152.07,35.5986,103.577
IND,IND,IND,IND,India,India,India,Sovereign country,Asia,Asia,Southern Asia,1366417754.0,2019,1395988299.0,3150744.5,443.07,22.5682,79.5898
USA,USA,USA,USA,United States of America,United States,United States of America,Country,North America,Americas,Northern America,328239523.0,2019,336442948.0,9464215.5,35.55,42.0906,-107.5092
IDN,IDN,IDN,IDN,Indonesia,Indonesia,Indonesia,Sovereign country,Asia,Asia,South-Eastern Asia,270625568.0,2019,271768286.0,1879826.2,144.57,-2.2108,117.2622
PAK,PAK,PAK,PAK,Pakistan,Pakistan,Pakistan,Sovereign country,Asia,Asia,Southern Asia,216565318.0,2019,226882028.0,872939.1,259.91,29.7845,69.2563
BRA,BRA,BRA,BRA,Brazil,Brazil,Brazil,Sovereign country,South America,Americas,South America,211049527.0,2019,213343825.0,8472661.8,25.18,-10.4196,-53.153
NGA,NGA,NGA,NGA,Nigeria,Nigeria,Nigeria,Sovereign country,Africa,Africa,Western Africa,200963599.0,2019,208099669.0,907498.2,229.31,9.573,8.0866
BGD,BGD,BGD,BGD,Bangladesh,Bangladesh,Bangladesh,Sovereign country,Asia,Asia,Southern Asia,163046161.0,2019,166291500.0,136903.7,1214.66,23.8294,90.2464
RUS,RUS,RUS,RUS,Russia,Russian Federation,Russia,Sovereign country,Europe,Europe,Eastern Europe,144373535.0,2019,148097225.0,16980189.5,8.72,59.5553,95.3028
MEX,MEX,MEX,MEX,Mexico,Mexico,Mexico,Sovereign country,North America,Americas,Central America,127575529.0,2019,125381720.0,1957845.1,64.04,23.7146,-102.3564
JPN,JPN,JPN,JPN,Japan,Japan,Japan,Sovereign country,Asia,Asia,Eastern Asia,126264931.0,2019,125244442.0,373506.7,335.32,37.255,137.7928
ETH,ETH,ETH,ETH,Ethiopia,Ethiopia,Ethiopia,Sovereign country,Africa,Africa,Eastern Africa,112078730.0,2019,116705286.0,1127374.8,103.52,8.5938,39.6052
PHL,PHL,PHL,PHL,Philippines,Philippines,Philippines,Sovereign country,Asia,Asia,South-Eastern Asia,108116615.0,2019,112160408.0,293290.7,382.42,11.6862,122.8916
EGY,EGY,EGY,EGY,Egypt,Egypt,Egypt,Sovereign country,Africa,Africa,Northern Africa,100388073.0,2019,107414817.0,1001058.3,107.3,26.3971,29.8692
VNM,VNM,VNM,VNM,Vietnam,Vietnam,Vietnam,Sovereign country,Asia,Asia,South-Eastern Asia,96462106.0,2019,96326030.0,328891.9,292.88,16.4834,106.324
COD,COD,COD,COD,Dem. Rep. Congo,Democratic Republic of the Congo,Democratic Republic of the Congo,Sovereign country,Africa,Africa,Middle Africa,86790567.0,2019,92191591.0,2325240.1,39.65,-2.8535,23.6415
IRN,IRN,IRN,IRN,Iran,Iran,Iran,Sovereign country,Asia,Asia,Southern Asia,82913906.0,2019,87307819.0,1622508.8,53.81,32.3791,54.3582
TUR,TUR,TUR,TUR,Turkey,Turkey,Turkey,Sovereign country,Asia,Asia,Western Asia,83429615.0,2019,84144329.0,780080.2,107.87,39.0201,35.1696
DEU,DEU,DEU,DEU,Germany,Germany,Germany,Sovereign country,Europe,Europe,Western Europe,83132799.0,2019,83054970.0,357673.5,232.21,50.9949,10.3711
THA,THA,THA,THA,Thailand,Thailand,Thailand,Sovereign country,Asia,Asia,South-Eastern Asia,69625582.0,2019,71627863.0,514453.5,139.23,15.0467,101.0024
FXX,FRA,FXX,FXX,France,France,France,Geo unit,Europe,Europe,Western Europe,64829667.0,2017,64583361.0,547840.9,117.89,46.4325,2.5581
TZA,TZA,TZA,TZA,Tanzania,Tanzania,United Republic of Tanzania,Sovereign country,Africa,Africa,Eastern Africa,58005463.0,2019,59918792.0,939006.3,63.81,-6.2564,34.7956
ITA,ITA,ITA,ITA,Italy,Italy,Italy,Sovereign country,Europe,Europe,Southern Europe,60297396.0,2019,59455168.0,301184.5,197.4,42.6171,12.1362
ZAF,ZAF,ZAF,ZAF,South Africa,South Africa,South Africa,Sovereign country,Africa,Africa,Southern Africa,58558270.0,2019,58879574.0,1219824.6,48.27,-28.8774,25.1403
ENG,GBR,ENG,ENG,England,England,United Kingdom,Geo unit,Europe,Europe,Northern Europe,56286961.0,2019,56480183.0,130433.7,433.02,52.5349,-1.4589
MMR,MMR,MMR,MMR,Myanmar,Myanmar,Myanmar,Sovereign country,Asia,Asia,South-Eastern Asia,54045420.0,2019,53252606.0,663159.4,80.3,21.0451,96.4922
KEN,KEN,KEN,KEN,Kenya,Kenya,Kenya,Sovereign country,Africa,Africa,Eastern Africa,52573973.0,2019,52201468.0,585702.3,89.13,0.5498,37.8225
KOR,KOR,KOR,KOR,South Korea,Republic of Korea,South Korea,Sovereign country,Asia,Asia,Eastern Asia,51709098.0,2019,51825416.0,97446.3,531.84,36.3299,127.8203
COL,COL,COL,COL,Colombia,Colombia,Colombia,Sovereign country,South America,Americas,South America,50339443.0,2019,50677168.0,1135117.7,44.64,3.8892,-73.0818
ESP,ESP,ESP,ESP,Spain,Spain,Spain,Sovereign country,Europe,Europe,Southern Europe,47076781.0,2019,47203634.0,506884.9,93.12,40.1104,-3.6796
ARG,ARG,ARG,ARG,Argentina,Argentina,Argentina,Sovereign country,South America,Americas,South America,44938712.0,2019,45125032.0,2782896.4,16.22,-34.3054,-64.9574
UGA,UGA,UGA,UGA,Uganda,Uganda,Uganda,Sovereign country,Africa,Africa,Eastern Africa,44269594.0,2019,44942289.0,241853.5,185.82,1.2746,32.3668
SDN,SDN,SDN,SDN,Sudan,Sudan,Sudan,Sovereign country,Africa,Africa,Northern Africa,42813238.0,2019,44596935.0,1855616.0,24.03,15.8956,29.9195
DZA,DZA,DZA,DZA,Algeria,Algeria,Algeria,Sovereign country,Africa,Africa,Northern Africa,43053054.0,2019,43394392.0,2308857.9,18.79,27.8973,2.6576
UKR,UKR,UKR,UKR,Ukraine,Ukraine,Ukraine,Sovereign country,Europe,Europe,Eastern Europe,44385155.0,2019,41650202.0,571999.3,72.82,49.0944,31.2861
AFG,AFG,AFG,AFG,Afghanistan,Afghanistan,Afghanistan,Sovereign country,Asia,Asia,Southern Asia,38041754.0,2019,38717334.0,642181.1,60.29,33.7595,65.9697
POL,POL,POL,POL,Poland,Poland,Poland,Sovereign country,Europe,Europe,Eastern Europe,37970874.0,2019,38558639.0,313427.8,123.02,52.0619,19.4087
CAN,CAN,CAN,CAN,Canada,Canada,Canada,Sovereign country,North America,Americas,Northern America,37589262.0,2019,37875295.0,9945627.6,3.81,57.6085,-97.7716
MAR,MAR,MAR,MAR,Morocco,Morocco,Morocco,Sovereign country,Africa,Africa,Northern Africa,36471769.0,2019,37382811.0,591742.6,63.17,29.6444,-8.5267
SAU,SAU,SAU,SAU,Saudi Arabia,Saudi Arabia,Saudi Arabia,Sovereign country,Asia,Asia,Western Asia,34268528.0,2019,35975957.0,1921725.1,18.72,23.9716,44.5997
IRR,IRQ,IRR,IRR,Iraq,Iraq,Iraq,Geo unit,Asia,Asia,Western Asia,34618844.0,2019,35559502.0,399118.6,89.1,32.6781,43.6872
UZB,UZB,UZB,UZB,Uzbekistan,Uzbekistan,Uzbekistan,Sovereign country,Asia,Asia,Central Asia,33580650.0,2019,33763653.0,447831.5,75.39,41.6794,63.2204
MYS,MYS,MYS,MYS,Malaysia,Malaysia,Malaysia,Sovereign country,Asia,Asia,South-Eastern Asia,31949777.0,2019,33470131.0,327884.6,102.08,3.7887,109.6982
AGO,AGO,AGO,AGO,Angola,Angola,Angola,Sovereign country,Africa,Africa,Middle Africa,31825295.0,2019,33405407.0,1244652.2,26.84,-12.2361,17.5344
PER,PER,PER,PER,Peru,Peru,Peru,Sovereign country,South America,Americas,South America,32510453.0,2019,33252233.0,1289866.6,25.78,-9.073,-74.3969
GHA,GHA,GHA,GHA,Ghana,Ghana,Ghana,Sovereign country,Africa,Africa,Western Africa,30417856.0,2019,32379485.0,238668.7,135.67,7.9439,-1.2166
YEM,YEM,YEM,YEM,Yemen,Yemen,Yemen,Sovereign country,Asia,Asia,Western Asia,29161922.0,2019,32329851.0,453074.8,71.36,15.8906,47.5815
MOZ,MOZ,MOZ,MOZ,Mozambique,Mozambique,Mozambique,Sovereign country,Africa,Africa,Eastern Africa,30366036.0,2019,31172204.0,788446.9,39.54,-17.1368,35.5721
NPL,NPL,NPL,NPL,Nepal,Nepal,Nepal,Sovereign country,Asia,Asia,Southern Asia,28608710.0,2019,30977423.0,147105.8,210.58,28.2358,83.9315
VEN,VEN,VEN,VEN,Venezuela,Venezuela,Venezuela,Sovereign country,South America,Americas,South America,28515829.0,2019,28761336.0,912684.0,31.51,7.1094,-66.1636
MDG,MDG,MDG,MDG,Madagascar,Madagascar,Madagascar,Sovereign country,Africa,Africa,Eastern Africa,26969307.0,2019,28225177.0,592981.3,47.6,-19.2807,46.7246
CIV,CIV,CIV,CIV,Côte d'Ivoire,Côte d'Ivoire,Ivory Coast,Sovereign country,Africa,Africa,Western Africa,25716544.0,2019,26755105.0,320677.3,83.43,7.6205,-5.5689
CMR,CMR,CMR,CMR,Cameroon,Cameroon,Cameroon,Sovereign country,Africa,Africa,Middle Africa,25876380.0,2019,26354718.0,464318.5,56.76,5.6757,12.7341
AUS,AUS,AUS,AUS,Australia,Australia,Australia,Country,Oceania,Oceania,Australia and New Zealand,25364307.0,2019,25664887.0,7691170.2,3.34,-25.2611,134.3904
PRK,PRK,PRK,PRK,North Korea,Dem. Rep. Korea,North Korea,Sovereign country,Asia,Asia,Eastern Asia,25666161.0,2019,25405969.0,121237.3,209.56,40.1359,127.1645
NER,NER,NER,NER,Niger,Niger,Niger,Sovereign country,Africa,Africa,Western Africa,23310715.0,2019,24445198.0,1181302.5,20.69,17.3584,9.3592
TWN,TWN,TWN,TWN,Taiwan,Taiwan,Taiwan,Sovereign country,Asia,Asia,Eastern Asia,23568378.0,2020,23809062.0,36197.9,657.75,23.7464,120.9486
LKA,LKA,LKA,LKA,Sri Lanka,Sri Lanka,Sri Lanka,Sovereign country,Asia,Asia,Southern Asia,21803000.0,2019,21715079.0,66291.1,327.57,7.613,80.7034
BFA,BFA,BFA,BFA,Burkina Faso,Burkina Faso,Burkina Faso,Sovereign country,Africa,Africa,Western Africa,20321378.0,2019,21519728.0,272768.8,78.89,12.2617,-1.7587
MLI,MLI,MLI,MLI,Mali,Mali,Mali,Sovereign country,Africa,Africa,Western Africa,19658031.0,2019,21317989.0,1252722.9,17.02,17.2487,-3.5622
SYX,SYR,SYX,SYX,Syria,Syrian Arab Republic,Syria,Geo unit,Asia,Asia,Western Asia,16986135.0,2019,20924327.0,185674.6,112.69,35.0014,38.4985
MWI,MWI,MWI,MWI,Malawi,Malawi,Malawi,Sovereign country,Africa,Africa,Eastern Africa,18628747.0,2019,19417154.0,119397.8,162.63,-13.1957,34.2867
ROU,ROU,ROU,ROU,Romania,Romania,Romania,Sovereign country,Europe,Europe,Eastern Europe,19356544.0,2019,19358645.0,236377.1,81.9,45.8201,24.9779
CHL,CHL,CHL,CHL,Chile,Chile,Chile,Sovereign country,South America,Americas,South America,18952038.0,2019,19296998.0,736595.0,26.2,-35.3414,-71.2119
ZMB,ZMB,ZMB,ZMB,Zambia,Zambia,Zambia,Sovereign country,Africa,Africa,Eastern Africa,17861030.0,2019,19216111.0,751914.3,25.56,-13.4283,27.7907
KAZ,KAZ,KAZ,KAZ,Kazakhstan,Kazakhstan,Kazakhstan,Sovereignty,Asia,Asia,Central Asia,18513930.0,2019,18940901.0,2714265.4,6.98,47.8886,67.2686
ECU,ECU,ECU,ECU,Ecuador,Ecuador,Ecuador,Sovereign country,South America,Americas,South America,17373662.0,2019,17572562.0,255014.2,68.91,-1.4248,-78.7722
GTM,GTM,GTM,GTM,Guatemala,Guatemala,Guatemala,Sovereign country,North America,Americas,Central America,16604026.0,2019,17454467.0,108810.8,160.41,15.6879,-90.3614
NLX,NLD,NLX,NLX,Netherlands,Netherlands,Netherlands,Geo core,Europe,Europe,Western Europe,17306863.0,2019,17405428.0,37101.8,469.13,52.2551,5.5789
TCD,TCD,TCD,TCD,Chad,Chad,Chad,Sovereign country,Africa,Africa,Middle Africa,15946876.0,2019,16561191.0,1266282.8,13.08,15.2296,18.6416
KHM,KHM,KHM,KHM,Cambodia,Cambodia,Cambodia,Sovereign country,Asia,Asia,South-Eastern Asia,16486542.0,2019,16535003.0,181059.7,91.32,12.71,104.902
SEN,SEN,SEN,SEN,Senegal,Senegal,Senegal,Sovereign country,Africa,Africa,Western Africa,16296364.0,2019,16236342.0,196224.6,82.74,14.3596,-14.4693
ZWE,ZWE,ZWE,ZWE,Zimbabwe,Zimbabwe,Zimbabwe,Sovereign country,Africa,Africa,Eastern Africa,14645468.0,2019,15625553.0,389338.2,40.13,-18.98,29.8516
RWA,RWA,RWA,RWA,Rwanda,Rwanda,Rwanda,Sovereign country,Africa,Africa,Eastern Africa,12626950.0,2019,13406950.0,25305.1,529.81,-1.9926,29.9191
GIN,GIN,GIN,GIN,Guinea,Guinea,Guinea,Sovereign country,Africa,Africa,Western Africa,12771246.0,2019,13191147.0,244302.1,54.0,10.4283,-10.94
BEN,BEN,BEN,BEN,Benin,Benin,Benin,Sovereign country,Africa,Africa,Western Africa,11801151.0,2019,12751350.0,116113.4,109.82,9.6312,2.3281
TUN,TUN,TUN,TUN,Tunisia,Tunisia,Tunisia,Sovereign country,Africa,Africa,Northern Africa,11694719.0,2019,12227197.0,156613.0,78.07,34.0702,9.5561
BDI,BDI,BDI,BDI,Burundi,Burundi,Burundi,Sovereign country,Africa,Africa,Eastern Africa,11530580.0,2019,12219129.0,27041.2,451.87,-3.357,29.8751
BOL,BOL,BOL,BOL,Bolivia,Bolivia,Bolivia,Sovereign country,South America,Americas,South America,11513100.0,2019,11855541.0,1086807.8,10.91,-16.6405,-64.6908
SOX,SOM,SOX,SOX,Somalia,Somalia,Somalia,Geo unit,Africa,Africa,Eastern Africa,4892312.3,2016,11821988.0,333301.2,35.47,3.0203,44.2045
CUB,CUB,CUB,CUB,Cuba,Cuba,Cuba,Sovereignty,North America,Americas,Caribbean,11333483.0,2019,11290782.0,109929.3,102.71,21.6164,-79.0212
HTI,HTI,HTI,HTI,Haiti,Haiti,Haiti,Sovereign country,North America,Americas,Caribbean,11263077.0,2019,11263220.0,26891.6,418.84,18.9358,-72.6916
DOM,DOM,DOM,DOM,Dominican Rep.,Dominican Republic,Dominican Republic,Sovereign country,North America,Americas,Caribbean,10738958.0,2019,11043245.0,48439.9,227.98,18.8944,-70.4963
JOR,JOR,JOR,JOR,Jordan,Jordan,Jordan,Sovereign country,Asia,Asia,Western Asia,10101694.0,2019,10645454.0,88862.7,119.8,31.2291,36.7642
GRC,GRC,GRC,GRC,Greece,Greece,Greece,Sovereign country,Europe,Europe,Southern Europe,10716322.0,2019,10531436.0,131353.3,80.18,38.9941,22.9795
CZE,CZE,CZE,CZE,Czechia,Czech Republic,Czechia,Sovereign country,Europe,Europe,Eastern Europe,10669709.0,2019,10480850.0,78759.0,133.07,49.7236,15.3176
SWE,SWE,SWE,SWE,Sweden,Sweden,Sweden,Sovereign country,Europe,Europe,Northern Europe,10285453.0,2019,10344918.0,446172.7,23.19,62.147,16.5125
AZE,AZE,AZE,AZE,Azerbaijan,Azerbaijan,Azerbaijan,Sovereign country,Asia,Asia,Western Asia,10023318.0,2019,10229064.0,86249.9,118.6,40.277,47.543
SDS,SDS,SDS,SDS,S. Sudan,South Sudan,South Sudan,Sovereign country,Africa,Africa,Eastern Africa,11062113.0,2019,10133175.0,626859.1,16.16,7.2724,30.3028
HND,HND,HND,HND,Honduras,Honduras,Honduras,Sovereign country,North America,Americas,Central America,9746117.0,2019,10126540.0,112236.4,90.23,14.8183,-86.6264
HUN,HUN,HUN,HUN,Hungary,Hungary,Hungary,Sovereign country,Europe,Europe,Eastern Europe,9769949.0,2019,9816800.0,93200.7,105.33,47.1516,19.3887
PRX,PRT,PRX,PRX,Portugal,Portugal,Portugal,Geo unit,Europe,Europe,Southern Europe,9737621.0,2019,9809944.0,87971.0,111.51,39.6397,-7.9784
ISR,ISR,ISR,ISR,Israel,Israel,Israel,Disputed,Asia,Asia,Western Asia,9053300.0,2019,9767386.0,22101.4,441.94,31.4329,34.995
BLR,BLR,BLR,BLR,Belarus,Belarus,Belarus,Sovereign country,Europe,Europe,Eastern Europe,9466856.0,2019,9591364.0,207499.4,46.22,53.486,28.0249
TJK,TJK,TJK,TJK,Tajikistan,Tajikistan,Tajikistan,Sovereign country,Asia,Asia,Central Asia,9321018.0,2019,9528272.0,142238.7,66.99,38.5145,71.0224
PNX,PNG,PNX,PNX,Papua New Guinea,Papua New Guinea,Papua New Guinea,Geo unit,Oceania,Oceania,Melanesia,8526751.0,2019,9431845.0,455743.4,20.7,-6.4669,145.022
ARE,ARE,ARE,ARE,United Arab Emirates,United Arab Emirates,United Arab Emirates,Sovereign country,Asia,Asia,Western Asia,9770529.0,2019,9211448.0,71085.0,129.58,23.8995,54.2971
AUT,AUT,AUT,AUT,Austria,Austria,Austria,Sovereign country,Europe,Europe,Western Europe,8877067.0,2019,9002401.0,83993.2,107.18,47.5756,14.1226
CHE,CHE,CHE,CHE,Switzerland,Switzerland,Switzerland,Sovereign country,Europe,Europe,Western Europe,8574832.0,2019,8702113.0,41435.5,210.02,46.7939,8.2141
SLE,SLE,SLE,SLE,Sierra Leone,Sierra Leone,Sierra Leone,Sovereign country,Africa,Africa,Western Africa,7813215.0,2019,8221391.0,71611.6,114.81,8.5611,-11.795
TGO,TGO,TGO,TGO,Togo,Togo,Togo,Sovereign country,Africa,Africa,Western Africa,8082366.0,2019,8200025.0,56863.4,144.21,8.5199,0.963
HKG,HKG,HKG,HKG,Hong Kong,Hong Kong,China,Country,Asia,Asia,Eastern Asia,7507400.0,2019,7633937.0,1036.2,7367.24,22.3845,114.1314
LAO,LAO,LAO,LAO,Laos,Lao PDR,Laos,Sovereign country,Asia,Asia,South-Eastern Asia,7169455.0,2019,7342574.0,228114.0,32.19,18.4658,103.756
BGR,BGR,BGR,BGR,Bulgaria,Bulgaria,Bulgaria,Sovereign country,Europe,Europe,Eastern Europe,6975761.0,2019,7057274.0,112759.9,62.59,42.7564,25.2144
IRK,IRQ,IRK,IRK,Iraqi Kurdistan,Iraqi Kurdistan,Iraq,Geo unit,Asia,Asia,Western Asia,4690939.0,2013,6949170.0,38248.3,181.69,36.0968,44.5152
NIC,NIC,NIC,NIC,Nicaragua,Nicaragua,Nicaragua,Sovereign country,North America,Americas,Central America,6545502.0,2019,6770837.0,128684.7,52.62,12.8398,-85.0341
BFR,BEL,BFR,BFR,Flemish,Flemish Region,Belgium,Geo unit,Europe,Europe,Western Europe,6629143.0,2020,6733459.0,13517.8,498.12,51.0347,4.2163
LBY,LBY,LBY,LBY,Libya,Libya,Libya,Sovereign country,Africa,Africa,Northern Africa,6777452.0,2019,6658391.0,1623758.9,4.1,26.908,18.0373
PRY,PRY,PRY,PRY,Paraguay,Paraguay,Paraguay,Sovereign country,South America,Americas,South America,7044636.0,2019,6581374.0,399901.3,16.46,-23.1797,-58.4196
SLV,SLV,SLV,SLV,El Salvador,El Salvador,El Salvador,Sovereign country,North America,Americas,Central America,6453553.0,2019,6315395.0,20539.4,307.48,13.7354,-88.8707
KGZ,KGZ,KGZ,KGZ,Kyrgyzstan,Kyrgyzstan,Kyrgyzstan,Sovereign country,Asia,Asia,Central Asia,6456900.0,2019,6275950.0,198990.0,31.54,41.4411,74.5258
TKM,TKM,TKM,TKM,Turkmenistan,Turkmenistan,Turkmenistan,Sovereign country,Asia,Asia,Central Asia,5942089.0,2019,6275810.0,470849.1,13.33,39.0626,59.413
DNK,DNK,DNK,DNK,Denmark,Denmark,Denmark,Country,Europe,Europe,Northern Europe,5818553.0,2019,5890718.0,42695.9,137.97,55.9458,10.0587
SGP,SGP,SGP,SGP,Singapore,Singapore,Singapore,Sovereign country,Asia,Asia,South-Eastern Asia,5703569.0,2019,5608985.0,510.5,10987.24,1.3589,103.8135
LBN,LBN,LBN,LBN,Lebanon,Lebanon,Lebanon,Sovereign country,Asia,Asia,Western Asia,6855713.0,2019,5558749.0,10004.1,555.65,33.9173,35.8786
COG,COG,COG,COG,Congo,Republic of the Congo,Republic of the Congo,Sovereign country,Africa,Africa,Middle Africa,5380508.0,2019,5511453.0,344888.7,15.98,-0.837,15.219
FIN,FIN,FIN,FIN,Finland,Finland,Finland,Country,Europe,Europe,Northern Europe,5520314.0,2019,5492097.0,333059.5,16.49,64.1113,26.2324
SCT,GBR,SCT,SCT,Scotland,Scotland,United Kingdom,Geo unit,Europe,Europe,Northern Europe,5463300.0,2019,5485805.0,78302.7,70.06,56.7793,-4.1716
SRS,SRB,SRS,SRS,Serbia,Serbia,Republic of Serbia,Geo unit,Europe,Europe,Southern Europe,5042052.0,2019,5435302.0,56483.4,96.23,43.7597,21.0725
SVK,SVK,SVK,SVK,Slovakia,Slovakia,Slovakia,Sovereign country,Europe,Europe,Eastern Europe,5454073.0,2019,5383202.0,48457.9,111.09,48.7002,19.4754
NOW,NOR,NOW,NOW,Norway,Norway,Norway,Country,Europe,Europe,Northern Europe,5344937.0,2019,5375963.0,319478.2,16.83,63.5836,13.2037
CAF,CAF,CAF,CAF,Central African Rep.,Central African Republic,Central African Republic,Sovereign country,Africa,Africa,Middle Africa,4745185.0,2019,5354084.0,617983.6,8.66,6.5584,20.4616
CRI,CRI,CRI,CRI,Costa Rica,Costa Rica,Costa Rica,Sovereign country,North America,Americas,Central America,5047561.0,2019,5126645.0,51151.0,100.23,9.9716,-84.1925
LBR,LBR,LBR,LBR,Liberia,Liberia,Liberia,Sovereign country,Africa,Africa,Western Africa,4937374.0,2019,5109496.0,95298.2,53.62,6.4497,-9.3188
NZL,NZL,NZL,NZL,New Zealand,New Zealand,New Zealand,Country,Oceania,Oceania,Australia and New Zealand,4917000.0,2019,5061133.0,268494.4,18.85,-41.6051,171.6291
IRL,IRL,IRL,IRL,Ireland,Ireland,Ireland,Sovereign country,Europe,Europe,Northern Europe,4941444.0,2019,4994921.0,69445.2,71.93,53.1523,-8.1488
MRT,MRT,MRT,MRT,Mauritania,Mauritania,Mauritania,Sovereign country,Africa,Africa,Western Africa,4525696.0,2019,4682794.0,1036388.9,4.52,20.172,-10.3545
OMN,OMN,OMN,OMN,Oman,Oman,Oman,Sovereign country,Asia,Asia,Western Asia,4974986.0,2019,4597255.0,311213.1,14.77,20.5609,56.0783
KWT,KWT,KWT,KWT,Kuwait,Kuwait,Kuwait,Sovereign country,Asia,Asia,Western Asia,4207083.0,2019,4357971.0,17473.5,249.4,29.3376,47.595
PAN,PAN,PAN,PAN,Panama,Panama,Panama,Sovereign country,North America,Americas,Central America,4246439.0,2019,4285571.0,74530.3,57.5,8.5134,-80.1211
HRV,HRV,HRV,HRV,Croatia,Croatia,Croatia,Sovereign country,Europe,Europe,Southern Europe,4067500.0,2019,4077686.0,55023.3,74.11,45.0498,16.3941
SOL,SOL,SOL,SOL,Somaliland,Somaliland,Somaliland,Sovereign country,Africa,Africa,Eastern Africa,5096159.0,2014,3980109.0,167406.5,23.78,9.7284,46.2553
BWR,BEL,BWR,BWR,Walloon,Walloon Region,Belgium,Geo unit,Europe,Europe,Western Europe,3633795.0,2019,3773648.0,16987.2,222.15,50.3109,4.9861
ERI,ERI,ERI,ERI,Eritrea,Eritrea,Eritrea,Sovereign country,Africa,Africa,Eastern Africa,6081196.0,2020,3618571.0,122537.9,29.53,15.3479,38.8584
GEG,GEO,GEG,GEG,Georgia,Georgia,Georgia,Geo unit,Asia,Asia,Western Asia,3371382.0,0,3447475.0,66615.1,51.75,42.184,43.5797
URY,URY,URY,URY,Uruguay,Uruguay,Uruguay,Sovereign country,South America,Americas,South America,3461734.0,2019,3371021.0,177342.2,19.01,-32.7766,-56.0206
MNG,MNG,MNG,MNG,Mongolia,Mongolia,Mongolia,Sovereign country,Asia,Asia,Eastern Asia,3225167.0,2019,3288115.0,1564664.0,2.1,46.6903,103.0927
PRI,PRI,PRI,PRI,Puerto Rico,Puerto Rico,United States of America,Dependency,North America,Americas,Caribbean,3193694.0,2019,3271564.0,9006.0,363.26,18.2236,-66.4676
WLS,GBR,WLS,WLS,Wales,Wales,United Kingdom,Geo unit,Europe,Europe,Northern Europe,3153000.0,2019,3168277.0,20794.9,152.36,52.3289,-3.7573
MDA,MDA,MDA,MDA,Moldova,Moldova,Moldova,Sovereign country,Europe,Europe,Eastern Europe,2657637.0,2019,3015591.0,33206.6,90.81,47.1808,28.4658
WEB,PSX,WEB,WEB,West Bank,West Bank,Israel,Geo unit,Asia,Asia,Western Asia,2637337.0,2019,2963644.0,5734.9,516.77,31.9467,35.2503
ALB,ALB,ALB,ALB,Albania,Albania,Albania,Sovereign country,Europe,Europe,Southern Europe,2854191.0,2019,2841789.0,28335.8,100.29,41.1304,20.0548
ARM,ARM,ARM,ARM,Armenia,Armenia,Armenia,Sovereign country,Asia,Asia,Western Asia,2957731.0,2019,2833746.0,29588.2,95.77,40.2813,44.9364
LTU,LTU,LTU,LTU,Lithuania,Lithuania,Lithuania,Sovereign country,Europe,Europe,Northern Europe,2786844.0,2019,2832863.0,64938.8,43.62,55.3129,23.8932
JAM,JAM,JAM,JAM,Jamaica,Jamaica,Jamaica,Sovereign country,North America,Americas,Caribbean,2948279.0,2019,2820436.0,11032.9,255.64,18.155,-77.3186
QAT,QAT,QAT,QAT,Qatar,Qatar,Qatar,Sovereign country,Asia,Asia,Western Asia,2832067.0,2019,2760852.0,11150.1,247.61,25.3111,51.1868
GMB,GMB,GMB,GMB,Gambia,The Gambia,Gambia,Sovereign country,Africa,Africa,Western Africa,2347706.0,2019,2530899.0,10501.1,241.01,13.4496,-15.3977
BWA,BWA,BWA,BWA,Botswana,Botswana,Botswana,Sovereign country,Africa,Africa,Southern Africa,2303697.0,2019,2518566.0,579029.3,4.35,-22.139,23.8041
NAM,NAM,NAM,NAM,Namibia,Namibia,Namibia,Sovereign country,Africa,Africa,Southern Africa,2494530.0,2019,2483670.0,822713.5,3.02,-22.0188,17.204
GAB,GAB,GAB,GAB,Gabon,Gabon,Gabon,Sovereign country,Africa,Africa,Middle Africa,2172579.0,2019,2340430.0,259968.3,9.0,-0.5912,11.7896
LSO,LSO,LSO,LSO,Lesotho,Lesotho,Lesotho,Sovereign country,Africa,Africa,Southern Africa,2125268.0,2019,2195139.0,30106.4,72.91,-29.5767,28.2295
BHF,BIH,BHF,BHF,Fed. of Bos. & Herz.,Federation of Bosnia and Herzegovina,Bosnia and Herzegovina,Geo unit,Europe,Europe,Southern Europe,1990269.0,2019,2194683.0,28814.4,76.17,44.0927,17.5286
SVN,SVN,SVN,SVN,Slovenia,Slovenia,Slovenia,Sovereign country,Europe,Europe,Southern Europe,2087946.0,2019,2152201.0,20327.0,105.88,46.1131,14.8062
MKD,MKD,MKD,MKD,North Macedonia,North Macedonia,North Macedonia,Sovereign country,Europe,Europe,Southern Europe,2083459.0,2019,2121351.0,25385.2,83.57,41.5921,21.6831
GNB,GNB,GNB,GNB,Guinea-Bissau,Guinea-Bissau,Guinea-Bissau,Sovereign country,Africa,Africa,Western Africa,1920922.0,2019,2008381.0,32829.1,61.18,12.0261,-14.9777
SRV,SRB,SRV,SRV,Vojvodina,Vojvodina,Republic of Serbia,Geo unit,Europe,Europe,Southern Europe,1902923.0,2019,1962259.0,21145.3,92.8,45.3951,20.0636
LVA,LVA,LVA,LVA,Latvia,Latvia,Latvia,Sovereign country,Europe,Europe,Northern Europe,1912789.0,2019,1904877.0,64576.3,29.5,56.8421,24.9125
NIR,GBR,NIR,NIR,N. Ireland,Northern Ireland,United Kingdom,Geo unit,Europe,Europe,Northern Europe,1893700.0,2019,1876375.0,14251.2,131.66,54.6057,-6.6939
TZZ,TZA,TZZ,TZZ,Zanzibar,Zanzibar,United Republic of Tanzania,Geo unit,Africa,Africa,Eastern Africa,1503569.0,2012,1799556.0,2499.1,720.08,-5.7821,39.5029
KOS,KOS,KOS,KOS,Kosovo,Kosovo,Kosovo,Disputed,Europe,Europe,Southern Europe,1794248.0,2019,1625926.0,10913.1,148.99,42.5711,20.8738
GNQ,GNQ,GNQ,GNQ,Eq. Guinea,Equatorial Guinea,Equatorial Guinea,Sovereign country,Africa,Africa,Middle Africa,1355986.0,2019,1568125.0,26671.7,58.79,1.7066,10.3331
TTO,TTO,TTO,TTO,Trinidad and Tobago,Trinidad and Tobago,Trinidad and Tobago,Sovereign country,North America,Americas,Caribbean,1394973.0,2019,1518147.0,5122.9,296.35,10.4684,-61.2586
BHR,BHR,BHR,BHR,Bahrain,Bahrain,Bahrain,Sovereign country,Asia,Asia,Western Asia,1641172.0,2019,1477864.0,688.1,2147.75,26.0352,50.5636
SOP,SOM,SOP,SOP,Puntland,Puntland,Somalia,Geo unit,Africa,Africa,Eastern Africa,5300005.0,2016,1347008.0,138514.2,9.72,8.8459,49.2734
TLS,TLS,TLS,TLS,Timor-Leste,Timor-Leste,East Timor,Sovereign country,Asia,Asia,South-Eastern Asia,1293119.0,2019,1310391.0,15082.2,86.88,-8.8235,125.8514
MUS,MUS,MUS,MUS,Mauritius,Mauritius,Mauritius,Sovereign country,Seven seas (open ocean),Africa,Eastern Africa,1265711.0,2019,1297828.0,2014.4,644.28,-20.1804,57.8503
EST,EST,EST,EST,Estonia,Estonia,Estonia,Sovereign country,Europe,Europe,Northern Europe,1326590.0,2019,1280433.0,45819.0,27.95,58.6607,25.537
GAZ,PSX,GAZ,GAZ,Gaza,Gaza,Israel,Geo unit,Asia,Asia,Western Asia,2047969.0,2020,1277365.0,339.5,3762.49,31.3929,34.3551
BCR,BEL,BCR,BCR,Brussels,Brussels,Belgium,Geo unit,Europe,Europe,Western Europe,1208542.0,2019,1168447.0,164.5,7103.02,50.8367,4.3704
SWZ,SWZ,SWZ,SWZ,eSwatini,Kingdom of eSwatini,eSwatini,Sovereign country,Africa,Africa,Southern Africa,1148130.0,2019,1165419.0,17111.9,68.11,-26.56,31.48
DJI,DJI,DJI,DJI,Djibouti,Djibouti,Djibouti,Sovereign country,Africa,Africa,Eastern Africa,973560.0,2019,1089284.0,21848.0,49.86,11.7491,42.5662
BIS,BIH,BIS,BIS,Rep. Srpska,Republic Srpska,Bosnia and Herzegovina,Geo unit,Europe,Europe,Southern Europe,1218107.0,2013,1079111.0,22858.8,47.21,44.2456,18.0816
BTN,BTN,BTN,BTN,Bhutan,Bhutan,Bhutan,Sovereign country,Asia,Asia,Southern Asia,763092.0,2019,1010607.0,40421.3,25.0,27.4195,90.4068
REU,FRA,REU,REU,Réunion,Réunion,France,Geo unit,Seven seas (open ocean),Africa,Eastern Africa,859959.0,2020,957822.0,2582.4,370.9,-21.1193,55.5416
FJI,FJI,FJI,FJI,Fiji,Fiji,Fiji,Sovereign country,Oceania,Oceania,Melanesia,889953.0,2019,920225.0,18930.1,48.61,-17.4434,163.4058
CYP,CYP,CYP,CYP,Cyprus,Cyprus,Cyprus,Sovereign country,Asia,Asia,Western Asia,1198575.0,2019,844012.0,5395.0,156.44,34.9149,32.9899
COM,COM,COM,COM,Comoros,Comoros,Comoros,Sovereign country,Africa,Africa,Eastern Africa,850886.0,2019,806166.0,1672.2,482.1,-11.8837,43.6797
GUY,GUY,GUY,GUY,Guyana,Guyana,Guyana,Sovereign country,South America,Americas,South America,782766.0,2019,802343.0,211213.6,3.8,4.7864,-58.9791
SLB,SLB,SLB,SLB,Solomon Is.,Solomon Islands,Solomon Islands,Sovereign country,Oceania,Oceania,Melanesia,669823.0,2019,688507.0,27198.8,25.31,-8.9038,159.6326
MNE,MNE,MNE,MNE,Montenegro,Montenegro,Montenegro,Sovereign country,Europe,Europe,Southern Europe,622137.0,2019,632002.0,13727.5,46.04,42.7833,19.2384
LUX,LUX,LUX,LUX,Luxembourg,Luxembourg,Luxembourg,Sovereign country,Europe,Europe,Western Europe,619896.0,2019,622377.0,2608.5,238.6,49.7659,6.0719
SUR,SUR,SUR,SUR,Suriname,Suriname,Suriname,Sovereign country,South America,Americas,South America,581363.0,2019,614496.0,145123.5,4.23,4.1293,-55.9111
CPV,CPV,CPV,CPV,Cabo Verde,Republic of Cabo Verde,Cabo Verde,Sovereign country,Africa,Africa,Western Africa,549935.0,2019,582640.0,3926.7,148.38,15.9399,-23.9741
MLT,MLT,MLT,MLT,Malta,Malta,Malta,Sovereign country,Europe,Europe,Southern Europe,502653.0,2019,515358.0,325.7,1582.31,35.9209,14.4038
MDV,MDV,MDV,MDV,Maldives,Maldives,Maldives,Sovereign country,Seven seas (open ocean),Asia,Southern Asia,530953.0,2019,514438.0,108.7,4732.64,3.8205,73.3024
BRN,BRN,BRN,BRN,Brunei,Brunei Darussalam,Brunei,Sovereign country,Asia,Asia,South-Eastern Asia,433285.0,2019,463654.0,5716.6,81.11,4.5164,114.7272
BHS,BHS,BHS,BHS,Bahamas,Bahamas,The Bahamas,Sovereign country,North America,Americas,Caribbean,389482.0,2019,406319.0,12603.9,32.24,24.1924,-76.5322
GLP,FRA,GLP,GLP,Guadeloupe,Guadeloupe,France,Geo unit,North America,Americas,Caribbean,395700.0,2016,395642.0,1657.3,238.73,16.2081,-61.5296
BLZ,BLZ,BLZ,BLZ,Belize,Belize,Belize,Sovereign country,North America,Americas,Central America,390353.0,2019,394698.0,22299.4,17.7,17.2051,-88.6943
MTQ,FRA,MTQ,MTQ,Martinique,Martinique,France,Geo unit,North America,Americas,Caribbean,376480.0,2016,370391.0,1097.5,337.49,14.6563,-61.0176
ISL,ISL,ISL,ISL,Iceland,Iceland,Iceland,Sovereign country,Europe,Europe,Northern Europe,361313.0,2019,366669.0,102390.3,3.58,64.9703,-18.599
MAC,MAC,MAC,MAC,Macao,Macao,China,Country,Asia,Asia,Eastern Asia,640445.0,2019,360514.0,30.1,11977.21,22.1578,113.5502
GEA,GEO,GEA,GEA,Adjara,Adjara,Georgia,Geo unit,Asia,Asia,Western Asia,349000.0,2019,332806.0,2955.7,112.6,41.6427,42.0743
PNB,PNG,PNB,PNB,Bougainville,Bougainville,Papua New Guinea,Geo unit,Oceania,Oceania,Melanesia,249358.0,2011,312448.0,9403.8,33.23,-6.1406,155.2621
VUT,VUT,VUT,VUT,Vanuatu,Vanuatu,Vanuatu,Sovereign country,Oceania,Oceania,Melanesia,299882.0,2019,310203.0,12296.6,25.23,-16.1847,167.6954
MYT,FRA,MYT,MYT,Mayotte,Mayotte,France,Disputed,Africa,Africa,Eastern Africa,279471.0,2020,305587.0,394.9,773.83,-12.8174,45.1422
PYF,PYF,PYF,PYF,Fr. Polynesia,French Polynesia,France,Dependency,Oceania,Oceania,Polynesia,279287.0,2019,300838.0,3336.5,90.17,-15.063,-144.9997
CYN,CYN,CYN,CYN,N. Cyprus,Northern Cyprus,Northern Cyprus,Sovereign country,Asia,Asia,Western Asia,326000.0,2017,289172.0,3319.4,87.12,35.2761,33.5974
NCL,NCL,NCL,NCL,New Caledonia,New Caledonia,France,Dependency,Oceania,Oceania,Melanesia,287800.0,2019,286406.0,18841.1,15.2,-21.3011,165.7002
BRB,BRB,BRB,BRB,Barbados,Barbados,Barbados,Sovereign country,North America,Americas,Caribbean,287025.0,2019,280693.0,444.2,631.91,13.181,-59.5612
GUF,FRA,GUF,GUF,French Guiana,French Guiana,France,Geo unit,South America,Americas,South America,294071.0,2021,271462.0,83183.7,3.26,3.9211,-53.2445
PMD,PRT,PMD,PMD,Madeira,Madeira,Portugal,Geo unit,Africa,Europe,Southern Europe,289000.0,2016,262366.0,811.4,323.35,32.7556,-16.944
PAZ,PRT,PAZ,PAZ,Azores,Azores,Portugal,Geo unit,Seven seas (open ocean),Europe,Southern Europe,242796.0,2019,231738.0,2607.8,88.86,38.3591,-27.323
STP,STP,STP,STP,São Tomé and Principe,São Tomé and Principe,São Tomé and Principe,Sovereign country,Africa,Africa,Middle Africa,215056.0,2019,218641.0,1037.2,210.8,0.4442,6.7264
WSM,WSM,WSM,WSM,Samoa,Samoa,Samoa,Sovereign country,Oceania,Oceania,Polynesia,197097.0,2019,214929.0,2780.4,77.3,-13.7544,-172.1615
CUW,CUW,CUW,CUW,Curaçao,Curaçao,Netherlands,Country,North America,Americas,Caribbean,157538.0,2019,189288.0,463.2,408.65,12.1938,-68.9713
LCA,LCA,LCA,LCA,Saint Lucia,Saint Lucia,Saint Lucia,Sovereign country,North America,Americas,Caribbean,182790.0,2019,179237.0,605.1,296.21,13.9026,-60.9703
GUM,GUM,GUM,GUM,Guam,Guam,United States of America,Dependency,Oceania,Oceania,Micronesia,167294.0,2019,169231.0,564.2,299.95,13.4437,144.7719
KIR,KIR,KIR,KIR,Kiribati,Kiribati,Kiribati,Sovereign country,Oceania,Oceania,Micronesia,117606.0,2019,126463.0,949.9,133.13,0.6223,-51.4333
GRD,GRD,GRD,GRD,Grenada,Grenada,Grenada,Sovereign country,North America,Americas,Caribbean,112003.0,2019,125192.0,347.3,360.47,12.1533,-61.6567
JEY,JEY,JEY,JEY,Jersey,Jersey,United Kingdom,Country,Europe,Europe,Northern Europe,107800.0,2019,108319.0,119.0,910.24,49.2211,-2.1274
ABW,ABW,ABW,ABW,Aruba,Aruba,Netherlands,Country,North America,Americas,Caribbean,106314.0,2019,106585.0,169.8,627.71,12.5169,-69.9742
SYC,SYC,SYC,SYC,Seychelles,Seychelles,Seychelles,Sovereign country,Seven seas (open ocean),Africa,Eastern Africa,97625.0,2019,105530.0,435.7,242.21,-6.4731,52.0835
TON,TON,TON,TON,Tonga,Tonga,Tonga,Sovereign country,Oceania,Oceania,Polynesia,104494.0,2019,104258.0,603.1,172.87,-20.0437,-174.867
FSM,FSM,FSM,FSM,Micronesia,Federated States of Micronesia,Federated States of Micronesia,Sovereign country,Oceania,Oceania,Micronesia,113815.0,2019,104236.0,633.8,164.46,6.9613,155.2816
VIR,VIR,VIR,VIR,U.S. Virgin Is.,United States Virgin Islands,United States of America,Dependency,North America,Americas,Caribbean,106631.0,2019,103282.0,354.8,291.1,17.9798,-64.7976
VCT,VCT,VCT,VCT,St. Vin. and Gren.,Saint Vincent and the Grenadines,Saint Vincent and the Grenadines,Sovereign country,North America,Americas,Caribbean,110589.0,2019,103103.0,367.7,280.4,13.2161,-61.2034
ACA,ATG,ACA,ACA,Antigua,Antigua,Antigua and Barbuda,Geo unit,North America,Americas,Caribbean,95713.0,2019,90788.0,282.3,321.6,17.0746,-61.7903
KNZ,PRK,KNZ,KNZ,Korean DMZ (north),Korean DMZ (north),North Korea,Overlay,Asia,Asia,Eastern Asia,0.0,2019,89211.0,1142.1,78.11,38.2832,127.463
IMN,IMN,IMN,IMN,Isle of Man,Isle of Man,United Kingdom,Country,Europe,Europe,Northern Europe,84584.0,2019,84046.0,574.8,146.22,54.2288,-4.5338
MAF,MAF,MAF,MAF,St-Martin,Saint-Martin,France,Dependency,North America,Americas,Caribbean,38002.0,2019,78774.0,68.3,1153.35,18.0776,-63.0551
AND,AND,AND,AND,Andorra,Andorra,Andorra,Sovereign country,Europe,Europe,Southern Europe,77142.0,2019,72716.0,452.2,160.8,42.5413,1.5607
DMA,DMA,DMA,DMA,Dominica,Dominica,Dominica,Sovereign country,North America,Americas,Caribbean,71808.0,2019,71995.0,730.3,98.58,15.4364,-61.3569
CYM,CYM,CYM,CYM,Cayman Is.,Cayman Islands,United Kingdom,Dependency,North America,Americas,Caribbean,64948.0,2019,67311.0,309.2,217.69,19.4261,-80.8777
KAB,KAB,KAB,KAB,Baikonur,Baikonur Cosmodrome,Kazakhstan,Lease,Asia,Asia,Central Asia,36175.0,2009,65710.0,6501.5,10.11,45.9772,63.3839
BMU,BMU,BMU,BMU,Bermuda,Bermuda,United Kingdom,Dependency,North America,Americas,Northern America,63918.0,2019,64031.0,62.3,1027.78,32.3101,-64.7635
GGY,GGY,GGY,GGY,Guernsey,Guernsey,United Kingdom,Country,Europe,Europe,Northern Europe,62792.0,2019,62794.0,74.0,848.57,49.4842,-2.5306
GRL,GRL,GRL,GRL,Greenland,Greenland,Denmark,Country,North America,Americas,Northern America,56225.0,2019,55894.0,2154380.1,0.03,72.0396,-41.5381
BHB,BIH,BHB,BHB,Brcko District,Brcko District,Bosnia and Herzegovina,Geo unit,Europe,Europe,Southern Europe,93028.0,2013,53553.0,153.5,348.88,44.8178,18.8446
FRO,FRO,FRO,FRO,Faeroe Is.,Faeroe Islands,Denmark,Dependency,Europe,Europe,Northern Europe,48678.0,2019,52415.0,1328.5,39.45,62.0712,-6.8705
CNM,CNM,CNM,CNM,Cyprus U.N. Buffer Zone,Cyprus U.N. Buffer Zone,Cyprus No Mans Area,Indeterminate,Asia,Asia,Western Asia,10000.0,2019,50033.0,341.0,146.72,35.1019,33.2576
MNP,MNP,MNP,MNP,N. Mariana Is.,Northern Mariana Islands,United States of America,Dependency,Oceania,Oceania,Micronesia,57216.0,2019,49587.0,579.3,85.6,16.2251,145.5996
KNA,KNA,KNA,KNA,St. Kitts and Nevis,Saint Kitts and Nevis,Saint Kitts and Nevis,Sovereign country,North America,Americas,Caribbean,52834.0,2019,47642.0,264.1,180.39,17.271,-62.6985
ASM,ASM,ASM,ASM,American Samoa,American Samoa,United States of America,Dependency,Oceania,Oceania,Polynesia,55312.0,2019,46189.0,180.3,256.18,-14.2543,-170.3989
TCA,TCA,TCA,TCA,Turks and Caicos Is.,Turks and Caicos Islands,United Kingdom,Dependency,North America,Americas,Caribbean,38191.0,2019,44276.0,445.2,99.45,21.7799,-71.8732
WSB,WSB,WSB,WSB,Akrotiri,Akrotiri,United Kingdom,Dependency,Asia,Asia,Western Asia,7850.0,2017,42790.0,98.7,433.54,34.6318,32.934
MHL,MHL,MHL,MHL,Marshall Is.,Marshall Islands,Marshall Islands,Sovereign country,Oceania,Oceania,Micronesia,58791.0,2019,39766.0,164.8,241.3,7.1056,170.1023
SMR,SMR,SMR,SMR,San Marino,San Marino,San Marino,Sovereign country,Europe,Europe,Southern Europe,33860.0,2019,36039.0,60.3,597.66,43.9365,12.4422
SYU,SYR,SYU,SYU,UNDOF Zone,UNDOF Zone,Syria,Overlay,Asia,Asia,Western Asia,84000.0,2013,35208.0,265.0,132.86,33.1569,35.8451
ALD,ALD,ALD,ALD,Åland,Åland Islands,Finland,Country,Europe,Europe,Northern Europe,29884.0,2019,32745.0,942.1,34.76,60.1859,20.0558
VGB,VGB,VGB,VGB,British Virgin Is.,British Virgin Islands,United Kingdom,Dependency,North America,Americas,Caribbean,30030.0,2019,28070.0,144.9,193.72,18.5097,-64.5029
NLY,NLD,NLY,NLY,Caribbean Netherlands,Caribbean Netherlands,Netherlands,Geo unit,North America,Americas,Caribbean,25987.0,2020,26153.0,295.2,88.59,12.6537,-67.8242
KNX,KOR,KNX,KNX,Korean DMZ (south),Korean DMZ (south),South Korea,Overlay,Asia,Asia,Eastern Asia,218.0,0,21293.0,1097.7,19.4,38.2453,127.5165
LIE,LIE,LIE,LIE,Liechtenstein,Liechtenstein,Liechtenstein,Sovereign country,Europe,Europe,Western Europe,38019.0,2019,21184.0,137.3,154.29,47.1381,9.5409
PLW,PLW,PLW,PLW,Palau,Palau,Palau,Sovereign country,Oceania,Oceania,Micronesia,18008.0,2019,17806.0,491.9,36.2,7.1949,134.3468
COK,COK,COK,COK,Cook Is.,Cook Islands,New Zealand,Dependency,Oceania,Oceania,Polynesia,17459.0,2016,16786.0,191.1,87.84,-19.7337,-158.7931
AIA,AIA,AIA,AIA,Anguilla,Anguilla,United Kingdom,Dependency,North America,Americas,Caribbean,14731.0,2018,12985.0,87.4,148.57,18.2301,-63.0592
NRU,NRU,NRU,NRU,Nauru,Nauru,Nauru,Sovereign country,Oceania,Oceania,Micronesia,12581.0,2019,12315.0,28.8,427.6,-0.5208,166.9331
WLF,WLF,WLF,WLF,Wallis and Futuna Is.,Wallis and Futuna Islands,France,Dependency,Oceania,Oceania,Polynesia,11558.0,2018,11655.0,139.3,83.67,-13.7365,-177.057
ESB,ESB,ESB,ESB,Dhekelia,Dhekelia,United Kingdom,Dependency,Asia,Asia,Western Asia,7850.0,2013,11530.0,127.4,90.5,35.0178,33.793
TUV,TUV,TUV,TUV,Tuvalu,Tuvalu,Tuvalu,Sovereign country,Oceania,Oceania,Polynesia,11646.0,2019,11054.0,23.0,480.61,-7.7556,178.5182
BLM,BLM,BLM,BLM,St-Barthélemy,Saint-Barthélemy,France,Dependency,North America,Americas,Caribbean,9961.0,2017,10681.0,24.4,437.75,17.9056,-62.8326
USG,USG,USG,USG,USNB Guantanamo Bay,US Naval Base Guantanamo Bay,Cuba,Lease,North America,Americas,Caribbean,6000.0,2018,9916.0,65.4,151.62,19.9292,-75.1547
SPM,SPM,SPM,SPM,St. Pierre and Miquelon,Saint Pierre and Miquelon,France,Dependency,North America,Americas,Northern America,5997.0,2017,5906.0,242.8,24.32,46.9301,-56.3078
SHN,SHN,SHN,SHN,Saint Helena,Saint Helena,United Kingdom,Dependency,Seven seas (open ocean),Africa,Western Africa,4534.0,2016,5420.0,366.7,14.78,-22.8077,-10.0838
MSR,MSR,MSR,MSR,Montserrat,Montserrat,United Kingdom,Dependency,North America,Americas,Caribbean,4649.0,2019,4500.0,99.6,45.18,16.7375,-62.1874
FLK,FLK,FLK,FLK,Falkland Is.,Falkland Islands / Malvinas,United Kingdom,Disputed,South America,Americas,South America,3398.0,2016,3747.0,11597.2,0.32,-51.7313,-59.3749
SAH,SAH,SAH,SAH,W. Sahara,Western Sahara,Western Sahara,Indeterminate,Africa,Africa,Northern Africa,603253.0,2017,3629.0,90495.4,0.04,24.1901,-12.2402
CXR,IOA,CXR,CXR,Christmas I.,Christmas Island,Australia,Geo unit,Asia,Asia,South-Eastern Asia,1843.0,2016,3049.0,98.7,30.89,-10.4925,105.6625
NSV,NOR,NSV,NSV,Svalbard Is.,Svalbard Islands,Norway,Dependency,Europe,Europe,Northern Europe,2939.0,2020,2936.0,62081.7,0.05,78.75,18.392
NFK,NFK,NFK,NFK,Norfolk Island,Norfolk Island,Australia,Dependency,Oceania,Oceania,Australia and New Zealand,2169.0,2011,2152.0,41.1,52.36,-29.035,167.9552
NIU,NIU,NIU,NIU,Niue,Niue,New Zealand,Dependency,Oceania,Oceania,Polynesia,1620.0,2018,1942.0,220.6,8.8,-19.0489,-169.8693
ACB,ATG,ACB,ACB,Barbuda,Barbuda,Antigua and Barbuda,Geo unit,North America,Americas,Caribbean,1634.0,2011,1876.0,169.5,11.07,17.6319,-61.7953
TKL,NZL,TKL,TKL,Tokelau,Tokelau,New Zealand,Geo unit,Oceania,Oceania,Polynesia,1499.0,2016,1300.0,4.2,309.52,-8.9693,-171.817
CCK,IOA,CCK,CCK,Cocos Is.,Cocos Islands,Australia,Geo unit,Asia,Asia,South-Eastern Asia,544.0,2016,546.0,13.2,41.36,-12.1759,96.8673
PFA,CHN,PFA,PFA,Paracel Is.,Paracel Islands,China,Geo unit,Asia,Asia,Eastern Asia,1000.0,2014,470.0,5.4,87.04,16.3667,111.8725
PCN,PCN,PCN,PCN,Pitcairn Is.,Pitcairn Islands,United Kingdom,Dependency,Oceania,Oceania,Polynesia,54.0,2016,67.0,42.6,1.57,-24.4123,-128.4787
KAS,KAS,KAS,KAS,Siachen Glacier,Siachen Glacier,Kashmir,Indeterminate,Asia,Asia,Southern Asia,6000.0,2013,56.0,2088.1,0.03,35.3909,77.18
NJM,NOR,NJM,NJM,Jan Mayen I.,Jan Mayen Island,Norway,Dependency,Europe,Europe,Northern Europe,20.0,2017,40.0,458.7,0.09,71.0205,-8.4201
SXM,SXM,SXM,SXM,Sint Maarten,Sint Maarten,Netherlands,Country,North America,Americas,Caribbean,40733.0,2019,,23.4,,18.0406,-63.0701
MCO,MCO,MCO,MCO,Monaco,Monaco,Monaco,Sovereign country,Europe,Europe,Western Europe,38964.0,2019,,18.8,,43.7398,7.399
BRI,BRI,BRI,BRI,Brazilian I.,Brazilian Island,Brazilian Island,Indeterminate,South America,Americas,South America,0.0,2019,,2.8,,-30.188,-57.623
GIB,GIB,GIB,GIB,Gibraltar,Gibraltar,United Kingdom,Disputed,Europe,Europe,Southern Europe,33701.0,2019,,3.7,,36.1295,-5.3467
VAT,VAT,VAT,VAT,Vatican,Vatican,Vatican,Sovereign country,Europe,Europe,Southern Europe,825.0,2019,,0.0,,41.9033,12.4534
SPI,SPI,SPI,SPI,Southern Patagonian Ice Field,Southern Patagonian Ice Field,Southern Patagonian Ice Field,Indeterminate,South America,Americas,South America,0.0,2019,,1408.9,,-49.5119,-73.3188
BRT,BRT,BRT,BRT,Bir Tawil,Bir Tawil,Bir Tawil,Indeterminate,Africa,Africa,Northern Africa,0.0,2019,,2019.5,,21.8798,33.682
ATA,ATA,ATA,ATA,Antarctica,Antarctica,Antarctica,Indeterminate,Antarctica,Antarctica,Antarctica,4490.0,2019,,12358225.0,,-75.4828,35.2931
ATF,ATF,ATF,ATF,Fr. S. Antarctic Lands,French Southern and Antarctic Lands,France,Dependency,Seven seas (open ocean),Africa,Seven seas (open ocean),140.0,2017,,7280.0,,-48.9779,68.9485
JQI,UMI,JQI,JQI,Johnston Atoll,Johnston Atoll,United States of America,Geo unit,Oceania,Oceania,Micronesia,231.0,2013,,2.5,,16.7371,-169.535
HMD,HMD,HMD,HMD,Heard I. and McDonald Is.,Heard I. and McDonald Islands,Australia,Dependency,Seven seas (open ocean),Africa,Seven seas (open ocean),0.0,2019,,394.8,,-53.0887,73.5051
IOT,IOT,IOT,IOT,Br. Indian Ocean Ter.,British Indian Ocean Territory,United Kingdom,Disputed,Seven seas (open ocean),Africa,Seven seas (open ocean),3000.0,2018,,49.1,,-7.1436,72.2985
SGS,SGS,SGS,SGS,S. Geo. and the Is.,South Georgia and the Islands,United Kingdom,Dependency,Seven seas (open ocean),Americas,Seven seas (open ocean),30.0,2017,,3921.5,,-54.635,-35.9561
BVT,NOR,BVT,BVT,Bouvet I.,Bouvet Island,Norway,Dependency,Antarctica,Antarctica,Antarctica,0.0,2017,,55.2,,-54.4193,3.4131
CSI,CSI,CSI,CSI,Coral Sea Is.,Coral Sea Islands,Australia,Dependency,Oceania,Oceania,Australia and New Zealand,4.0,2019,,0.0,,-21.0293,154.3904
DQI,UMI,DQI,DQI,Jarvis I.,Jarvis Island,United States of America,Geo unit,Oceania,Oceania,Micronesia,0.0,2017,,2.3,,-0.3796,-160.0198
FQI,UMI,FQI,FQI,Baker I.,Baker Island,United States of America,Geo unit,Oceania,Oceania,Micronesia,0.0,2017,,0.7,,0.2019,-176.4747
HQI,UMI,HQI,HQI,Howland I.,Howland Island,United States of America,Geo unit,Oceania,Oceania,Micronesia,0.0,2017,,0.5,,0.8,-176.6378
PGA,PGA,PGA,PGA,Spratly Is.,Spratly Islands,Spratly Islands,Indeterminate,Asia,Asia,South-Eastern Asia,100.0,2017,,12.0,,10.5442,114.9266
WQI,UMI,WQI,WQI,Wake Atoll,Wake Atoll,United States of America,Geo unit,Oceania,Oceania,Micronesia,68.0,2017,,3.9,,19.2872,166.6415
MQI,UMI,MQI,MQI,Midway Is.,Midway Islands,United States of America,Geo unit,Oceania,Oceania,Northern America,0.0,2017,,3.5,,28.2072,-177.3677
CLP,CLP,CLP,CLP,Clipperton I.,Clipperton Island,France,Dependency,Seven seas (open ocean),Americas,Central America,0.0,2019,,5.0,,10.2974,-109.2213
BQI,UMI,BQI,BQI,Navassa I.,Navassa Island,United States of America,Geo unit,North America,Americas,Caribbean,0.0,2017,,4.8,,18.407,-75.0147
ATC,ATC,ATC,ATC,Ashmore and Cartier Is.,Ashmore and Cartier Islands,Australia,Dependency,Oceania,Oceania,Australia and New Zealand,0.0,2019,,2.7,,-12.4326,123.5864
LQI,UMI,LQI,LQI,Palmyra Atoll,Palmyra Atoll,United States of America,Geo unit,Oceania,Oceania,Micronesia,0.0,2017,,7.1,,5.8808,-162.0765
KQI,UMI,KQI,KQI,Kingman Reef,Kingman Reef,United States of America,Geo unit,Oceania,Oceania,Micronesia,0.0,2017,,2.7,,6.4377,-162.3927
BJN,BJN,BJN,BJN,Bajo Nuevo Bank,Bajo Nuevo Bank (Petrel Islands),Bajo Nuevo Bank (Petrel Is.),Indeterminate,North America,Americas,Caribbean,0.0,2019,,0.0,,15.795,-79.9879
SER,SER,SER,SER,Serranilla Bank,Serranilla Bank,Serranilla Bank,Indeterminate,North America,Americas,Caribbean,0.0,2019,,0.1,,15.8645,-78.6381
SCR,SCR,SCR,SCR,Scarborough Reef,Scarborough Reef,Scarborough Reef,Indeterminate,Asia,Asia,South-Eastern Asia,0.0,2019,,0.1,,15.1521,117.7538
