iso3,name,density_per_km2_2022
AFE,Africa Eastern and Southern,49.2580431681559
AFW,Africa Western and Central,54.8727077276867
ARB,Arab World,35.9795356839708
CSS,Caribbean small states,10.8941815733103
CEB,Central Europe and the Baltics,90.5708010536644
EAR,Early-demographic dividend,104.133426123073
EAS,East Asia & Pacific,97.3296492736389
EAP,East Asia & Pacific (excluding high income),133.338237908375
TEA,East Asia & Pacific (IDA & IBRD countries),132.689166036745
EMU,Euro area,125.04951857618
ECS,Europe & Central Asia,33.6933566120441
ECA,Europe & Central Asia (excluding high income),42.4063657420119
TEC,Europe & Central Asia (IDA & IBRD countries),20.054020489976
EUU,European Union,112.13484860561
HPC,Heavily indebted poor countries (HIPC),46.0033801633778
,High income,27.0030940724314
IBD,IBRD only,69.6239455828173
IBT,IDA & IBRD total,70.6951970242841
IDB,IDA blend,132.637309860383
IDX,IDA only,59.4890725852722
IDA,IDA total,73.6904615838757
LTE,Late-demographic dividend,52.1793552830029
LCN,Latin America & Caribbean,32.5647506608627
LAC,Latin America & Caribbean (excluding high income),32.6976061523693
TLA,Latin America & the Caribbean (IDA & IBRD countries),32.0029420598489
LDC,Least developed countries: UN classification,55.6782756758275
LMY,Low & middle income,84.5049753599971
,Low income,48.1776021431386
,Lower middle income,150.012819258497
MEA,"Middle East, North Africa, Afghanistan & Pakistan",61.8936069908227
MNA,"Middle East, North Africa, Afghanistan & Pakistan (excluding high income)",71.237977506172
TMN,"Middle East, North Africa, Afghanistan & Pakistan (IDA & IBRD)",70.7789212503783
MIC,Middle income,92.9361744263473
NAC,North America,20.7965859943152
,Not classified,
OED,OECD members,39.0285725109969
OSS,Other small states,46.1953342694381
PSS,Pacific island small states,41.4037256430242
PST,Post-demographic dividend,35.8606671138203
PRE,Pre-demographic dividend,51.6806949002944
SST,Small states,26.4041388992376
SAS,South Asia,492.36938394431
TSA,South Asia (IDA & IBRD),492.36938394431
SSF,Sub-Saharan Africa,51.3828682687896
SSA,Sub-Saharan Africa (excluding high income),51.3788417832242
TSS,Sub-Saharan Africa (IDA & IBRD countries),51.3828682687896
,Upper middle income,68.6735205151338
WLD,World,61.5627947638419
AFG,Afghanistan,62.2155405301811
ALB,Albania,89.4757664233577
DZA,Algeria,19.0941870229328
ASM,American Samoa,241.71
AND,Andorra,169.585106382979
AGO,Angola,28.5834835966953
ATG,Antigua and Barbuda,211.0
ARG,Argentina,16.5922716858687
ARM,Armenia,105.297053157777
ABW,Aruba,596.166666666667
AUS,Australia,3.38256023775289
AUT,Austria,109.571631119729
AZE,Azerbaijan,122.707271627344
BHS,"Bahamas, The",39.7140859140859
BHR,Bahrain,1929.99113924051
BGD,Bangladesh,1300.36002610164
BRB,Barbados,656.553488372093
BLR,Belarus,45.4607172767131
BEL,Belgium,383.033055683085
BLZ,Belize,17.6559842174485
BEN,Benin,122.024663001064
BMU,Bermuda,1199.05555555556
BTN,Bhutan,20.4749344520189
BOL,Bolivia,11.1484851841595
BIH,Bosnia and Herzegovina,62.5937890625
BWA,Botswana,4.30521059411007
BRA,Brazil,25.161867951482
VGB,British Virgin Islands,255.46
BRN,Brunei Darussalam,86.4079696394687
BGR,Bulgaria,59.5532148120855
BFA,Burkina Faso,82.2698757309942
BDI,Burundi,518.734306853583
CPV,Cabo Verde,128.967990074442
KHM,Cambodia,97.4491502379334
CMR,Cameroon,58.4560745488777
CAN,Canada,4.43184225198266
CYM,Cayman Islands,298.295833333333
CAF,Central African Republic,8.18331086070179
TCD,Chad,14.6563818297332
CHI,Channel Islands,
CHL,Chile,26.3222982801325
CHN,China,150.42004812419
COL,Colombia,46.6317656602073
COM,Comoros,448.247178936056
COD,"Congo, Dem. Rep.",45.1674943208134
COG,"Congo, Rep.",17.6723396778917
CRI,Costa Rica,99.5253623188406
CIV,Cote d'Ivoire,95.5817672955975
HRV,Croatia,68.8999463902788
CUB,Cuba,106.549325626204
CUW,Curacao,345.317567567568
CYP,Cyprus,144.087662337662
CZE,Czechia,138.290511305111
DNK,Denmark,147.575925
DJI,Djibouti,49.0550474547023
DMA,Dominica,89.1013333333333
DOM,Dominican Republic,233.012351959686
ECU,Ecuador,71.7663754227734
EGY,"Egypt, Arab Rep.",113.13300517354
SLV,El Salvador,303.104198841699
GNQ,Equatorial Guinea,64.297504456328
ERI,Eritrea,28.1358115568642
EST,Estonia,31.5665808565411
SWZ,Eswatini,70.8672674418605
ETH,Ethiopia,111.107151376678
FRO,Faroe Islands,39.3452554744526
FJI,Fiji,50.3241379310345
FIN,Finland,18.2798093224591
FRA,France,126.513511457464
PYF,French Polynesia,80.7772976087583
GAB,Gabon,9.43356618931191
GMB,"Gambia, The",260.520750988142
GEO,Georgia,64.9515728331992
DEU,Germany,238.086252003664
GHA,Ghana,145.689425270181
GIB,Gibraltar,3760.9
GRC,Greece,80.9759891388673
GRL,Greenland,0.138046047021562
GRD,Grenada,343.861764705882
GUM,Guam,305.888888888889
GTM,Guatemala,166.553536767451
GIN,Guinea,57.1998087253785
GNB,Guinea-Bissau,74.8765647226174
GUY,Guyana,3.89143222506394
HTI,Haiti,417.402249637155
HND,Honduras,93.5192778621861
HKG,"Hong Kong SAR, China",6996.28571428571
HUN,Hungary,105.249550734166
ISL,Iceland,3.78858474660319
IND,India,479.425536881262
IDN,Indonesia,147.330175215419
IRN,"Iran, Islamic Rep.",55.1767309707242
IRQ,Iraq,101.514640775804
IRL,Ireland,75.6689795325882
IMN,Isle of Man,147.6
ISR,Israel,441.658964879852
ITA,Italy,199.559268903016
JAM,Jamaica,262.155493998153
JPN,Japan,343.278433470508
JOR,Jordan,126.768283893056
KAZ,Kazakhstan,7.42105011667963
KEN,Kenya,93.3976149483117
KIR,Kiribati,161.072839506173
PRK,"Korea, Dem. People's Rep.",218.659953492235
KOR,"Korea, Rep.",529.43205942623
XKX,Kosovo,
KWT,Kuwait,257.555723905724
KGZ,Kyrgyz Republic,36.3671532846715
LAO,Lao PDR,32.7513301559792
LVA,Latvia,30.2005945685361
LBN,Lebanon,561.533626588465
LSO,Lesotho,75.3000658761528
LBR,Liberia,55.7858596345515
LBY,Libya,4.10550768950976
LIE,Liechtenstein,246.83125
LTU,Lithuania,45.2309596830873
LUX,Luxembourg,253.685433061691
MAC,"Macao SAR, China",20524.2424242424
MDG,Madagascar,52.3156772086628
MWI,Malawi,218.166397963513
MYS,Malaysia,105.601865773855
MDV,Maldives,1747.02
MLI,Mali,18.9090551471492
MLT,Malta,1659.728125
MHL,Marshall Islands,222.65
MRT,Mauritania,4.73041331134181
MUS,Mauritius,632.209814722083
MEX,Mexico,66.1607124668844
FSM,"Micronesia, Fed. Sts.",160.162857142857
MDA,Moldova,88.05425357802
MCO,Monaco,18680.9021113244
MNG,Mongolia,2.2046394565685
MNE,Montenegro,46.3636431226766
MAR,Morocco,83.6411920233027
MOZ,Mozambique,41.5273099519316
MMR,Myanmar,82.3644215300228
NAM,Namibia,3.50989566252475
NRU,Naoero,590.05
NPL,Nepal,207.292891524241
NLD,Netherlands,525.719691119691
NCL,New Caledonia,15.7069474835886
NZL,New Zealand,19.299305001709
NIC,Nicaragua,55.9303141100216
NER,Niger,19.9826107207705
NGA,Nigeria,245.013445765671
MKD,North Macedonia,72.6293417922284
MNP,Northern Mariana Islands,100.169565217391
NOR,Norway,14.9809948664452
OMN,Oman,15.2834442649435
PAK,Pakistan,316.133077781237
PLW,Palau,38.6065217391304
PAN,Panama,59.3255998921542
PNG,Papua New Guinea,22.5305149494325
PRY,Paraguay,17.0713596633508
PER,Peru,26.1526859375
PHL,Philippines,382.21262367106
POL,Poland,120.297131562612
PRT,Portugal,113.904957775507
PRI,Puerto Rico (US),363.038105975197
QAT,Qatar,231.273542210618
ROU,Romania,82.7907771210014
RUS,Russian Federation,8.80735653394086
RWA,Rwanda,553.345358735306
WSM,Samoa,77.4320143884892
SMR,San Marino,562.583333333333
STP,Sao Tome and Principe,235.734375
SAU,Saudi Arabia,14.9673785522564
SEN,Senegal,91.6797538046019
SRB,Serbia,79.2537638244738
SYC,Seychelles,260.604347826087
SLE,Sierra Leone,114.66898032696
SGP,Singapore,7851.00557103064
SXM,Sint Maarten (Dutch part),1239.38235294118
SVK,Slovak Republic,112.973211314476
SVN,Slovenia,104.888460698039
SLB,Solomon Islands,27.9051804215791
SOM,"Somalia, Fed. Rep.",28.3767924889215
ZAF,South Africa,51.4210899438624
SSD,South Sudan,17.4405029038026
ESP,Spain,95.626963633201
LKA,Sri Lanka,358.567733591982
KNA,St. Kitts and Nevis,179.65
LCA,St. Lucia,293.083606557377
MAF,St. Martin (French part),577.4
VCT,St. Vincent and the Grenadines,261.65641025641
SDN,Sudan,26.4364807280514
SUR,Suriname,3.88245766041872
SWE,Sweden,25.7487256923983
CHE,Switzerland,222.150599739861
SYR,Syrian Arab Republic,122.323002777324
TJK,Tajikistan,73.3642337344189
TZA,Tanzania,73.0546635809438
THA,Thailand,140.412474309538
TLS,Timor-Leste,92.0843981170141
TGO,Togo,148.34741680456
TON,Tonga,145.891666666667
TTO,Trinidad and Tobago,266.238791423002
TUN,Tunisia,78.0080715756952
TUR,Turkiye,110.416580694619
TKM,Turkmenistan,15.3856808460835
TCA,Turks and Caicos Islands,48.26
TUV,Tuvalu,333.066666666667
UGA,Uganda,235.950124675843
UKR,Ukraine,70.8470245081118
ARE,United Arab Emirates,141.861123627147
GBR,United Kingdom,279.568470218658
USA,United States,36.5126236687503
URY,Uruguay,19.3744314935436
UZB,Uzbekistan,79.2892236957962
VUT,Vanuatu,25.6805578342904
VEN,"Venezuela, RB",31.9857343688
VNM,Viet Nam,318.032648542413
VIR,Virgin Islands (U.S.),301.18
PSE,West Bank and Gaza,837.114024896266
YEM,"Yemen, Rep.",72.395924010834
ZMB,Zambia,27.1095091405588
ZWE,Zimbabwe,41.5382086079876
