src_unit,dst_unit,routes,airline_route_pairs,min_distance_km
ABW,CAN,1,2,3587.0
ABW,COL,1,2,979.0
ABW,CUW,1,2,120.0
ABW,DOM,2,2,672.0
ABW,NLX,1,1,7878.0
ABW,NLY,1,1,194.0
ABW,PAN,1,1,1092.0
ABW,SUR,1,1,1806.0
ABW,USA,12,21,1828.0
ABW,VEN,4,11,81.0
ACA,AIA,1,1,179.0
ACA,BLM,1,2,140.0
ACA,BRB,1,2,515.0
ACA,CAN,1,2,3394.0
ACA,DEU,1,1,7161.0
ACA,DMA,1,1,184.0
ACA,DOM,2,3,713.0
ACA,ENG,1,3,6564.0
ACA,GLP,1,2,101.0
ACA,JAM,1,1,1592.0
ACA,KNA,2,4,85.0
ACA,LCA,2,2,357.0
ACA,PRI,1,1,469.0
ACA,SXM,1,1,172.0
ACA,TTO,1,2,674.0
ACA,USA,4,7,2139.0
AFG,ARE,3,7,1238.0
AFG,AZE,1,1,1809.0
AFG,IND,3,7,1001.0
AFG,IRN,5,5,325.0
AFG,KWT,1,1,2087.0
AFG,PAK,3,4,221.0
AFG,TJK,1,1,444.0
AFG,TUR,3,3,3238.0
AGO,ARE,1,2,5931.0
AGO,BRA,2,2,6200.0
AGO,CHN,1,1,11774.0
AGO,COD,1,4,554.0
AGO,COG,1,1,559.0
AGO,CUB,1,1,10964.0
AGO,DEU,1,1,6564.0
AGO,ENG,1,2,6836.0
AGO,ESP,1,1,5750.0
AGO,ETH,1,2,3457.0
AGO,FXX,1,1,6519.0
AGO,KEN,1,1,2753.0
AGO,MAR,1,1,5186.0
AGO,MOZ,1,1,2787.0
AGO,NAM,2,3,935.0
AGO,NLX,1,1,6849.0
AGO,PRX,2,3,5781.0
AGO,STP,1,1,1255.0
AGO,ZAF,2,3,2490.0
AGO,ZWE,1,1,2177.0
AIA,ACA,1,1,179.0
AIA,PRI,1,2,312.0
AIA,SXM,1,2,19.0
AIA,VIR,1,1,203.0
ALB,AUT,1,1,785.0
ALB,DEU,2,2,992.0
ALB,ENG,1,1,1864.0
ALB,GRC,1,2,529.0
ALB,ITA,10,27,249.0
ALB,SVN,1,1,681.0
ALB,TUR,2,2,754.0
ALD,FIN,2,3,137.0
ALD,SWE,1,1,122.0
ARE,AFG,3,7,1238.0
ARE,AGO,1,2,5931.0
ARE,ARM,2,2,1945.0
ARE,AUS,7,16,9042.0
ARE,AUT,1,2,4223.0
ARE,AZE,1,2,1762.0
ARE,BFR,1,3,5167.0
ARE,BGD,8,10,3521.0
ARE,BGR,1,1,3506.0
ARE,BHR,4,15,452.0
ARE,BLR,1,2,3950.0
ARE,BRA,3,3,11884.0
ARE,BRN,1,1,6721.0
ARE,CAN,2,3,11082.0
ARE,CHE,3,7,4768.0
ARE,CHN,7,16,4760.0
ARE,CYP,2,3,2333.0
ARE,CZE,1,2,4464.0
ARE,DEU,8,23,4564.0
ARE,DJI,1,1,1992.0
ARE,DNK,1,2,4818.0
ARE,DZA,1,2,5068.0
ARE,EGY,7,11,2378.0
ARE,ENG,8,20,5473.0
ARE,ESP,2,2,5176.0
ARE,ETH,1,3,2519.0
ARE,FXX,4,7,4784.0
ARE,GEG,1,1,2061.0
ARE,GHA,1,1,6289.0
ARE,GRC,2,3,3263.0
ARE,HKG,2,4,5920.0
ARE,HUN,1,1,4024.0
ARE,IDN,2,5,6547.0
ARE,IND,40,88,1753.0
ARE,IRK,4,5,1496.0
ARE,IRL,2,4,5919.0
ARE,IRN,20,24,152.0
ARE,IRR,8,10,959.0
ARE,ITA,5,8,4340.0
ARE,JOR,4,9,1998.0
ARE,JPN,4,8,7577.0
ARE,KAZ,5,7,2285.0
ARE,KEN,4,9,3443.0
ARE,KGZ,1,1,2635.0
ARE,KOR,2,5,6729.0
ARE,KWT,4,12,850.0
ARE,LBN,4,6,2129.0
ARE,LBY,1,1,4160.0
ARE,LKA,4,12,3280.0
ARE,MAR,2,4,6053.0
ARE,MDA,1,1,3372.0
ARE,MDV,3,4,3025.0
ARE,MKD,1,1,3601.0
ARE,MLT,1,1,4056.0
ARE,MUS,1,2,5086.0
ARE,MYS,3,8,5549.0
ARE,NGA,2,2,5808.0
ARE,NLX,2,10,5169.0
ARE,NPL,4,4,2974.0
ARE,OMN,6,21,340.0
ARE,PAK,21,51,756.0
ARE,PHL,3,7,6906.0
ARE,POL,1,2,4156.0
ARE,PRX,1,2,6138.0
ARE,QAT,4,10,321.0
ARE,ROU,2,3,3395.0
ARE,RUS,31,39,2383.0
ARE,RWA,1,1,4067.0
ARE,SAU,27,47,537.0
ARE,SCT,1,2,5841.0
ARE,SDN,5,10,1972.0
ARE,SDS,1,1,3399.0
ARE,SEN,1,1,7618.0
ARE,SGP,2,11,5847.0
ARE,SOL,3,5,1985.0
ARE,SRS,2,3,3816.0
ARE,SWE,1,2,4785.0
ARE,SYC,2,4,3238.0
ARE,THA,4,9,4904.0
ARE,TJK,2,3,1928.0
ARE,TKM,1,2,1444.0
ARE,TUN,1,2,4444.0
ARE,TUR,4,8,2967.0
ARE,TWN,1,1,6555.0
ARE,TZA,1,1,3978.0
ARE,UGA,1,1,3731.0
ARE,UKR,9,10,2969.0
ARE,USA,12,24,10702.0
ARE,UZB,2,2,2179.0
ARE,VNM,2,3,5619.0
ARE,YEM,8,11,1122.0
ARE,ZAF,4,10,6299.0
ARE,ZMB,1,1,5373.0
ARG,BOL,1,2,1964.0
ARG,BRA,14,28,849.0
ARG,CHL,4,9,196.0
ARG,COL,1,2,4689.0
ARG,CUB,1,1,6704.0
ARG,DEU,1,1,11503.0
ARG,DOM,1,1,6027.0
ARG,ECU,1,1,4251.0
ARG,ENG,1,1,11137.0
ARG,ESP,2,4,10085.0
ARG,FLK,1,1,748.0
ARG,FXX,1,2,11101.0
ARG,ITA,1,2,11155.0
ARG,MEX,2,2,6895.0
ARG,NLX,1,1,11462.0
ARG,PAN,2,2,4774.0
ARG,PER,2,4,2522.0
ARG,PRY,2,4,1040.0
ARG,URY,4,9,220.0
ARG,USA,5,10,7119.0
ARG,VEN,1,2,5129.0
ARM,ARE,2,2,1945.0
ARM,AUT,1,3,2375.0
ARM,BLR,1,1,1958.0
ARM,CZE,1,2,2587.0
ARM,FXX,1,3,3410.0
ARM,GRC,1,1,1779.0
ARM,IRN,1,1,793.0
ARM,ITA,1,1,2690.0
ARM,KAZ,1,1,690.0
ARM,LBN,1,1,1058.0
ARM,POL,1,1,2229.0
ARM,RUS,20,27,466.0
ARM,UKR,2,2,1174.0
ASM,USA,1,1,4203.0
AUS,ARE,7,16,9042.0
AUS,BRN,1,1,5659.0
AUS,CAN,1,1,12501.0
AUS,CHL,1,2,11340.0
AUS,CHN,10,17,6159.0
AUS,COK,1,1,4985.0
AUS,CXR,1,1,2613.0
AUS,FJI,4,11,2711.0
AUS,GUM,1,1,3379.0
AUS,HKG,6,16,5568.0
AUS,IDN,11,26,1345.0
AUS,IND,2,2,10192.0
AUS,JPN,6,15,5813.0
AUS,KOR,2,5,7730.0
AUS,MUS,1,1,5886.0
AUS,MYS,8,14,3636.0
AUS,NCL,2,4,1450.0
AUS,NFK,2,2,1463.0
AUS,NRU,1,1,3328.0
AUS,NZL,18,77,1939.0
AUS,PHL,3,4,3185.0
AUS,PNX,4,9,843.0
AUS,QAT,2,2,9330.0
AUS,SGP,7,42,3339.0
AUS,SLB,1,2,2125.0
AUS,THA,7,14,4832.0
AUS,TLS,1,2,726.0
AUS,TON,1,1,3585.0
AUS,TWN,2,3,6760.0
AUS,USA,8,26,7552.0
AUS,VNM,2,4,6699.0
AUS,VUT,3,7,1894.0
AUS,WSM,2,2,3912.0
AUS,ZAF,2,4,8310.0
AUT,ALB,1,1,785.0
AUT,ARE,1,2,4223.0
AUT,ARM,1,3,2375.0
AUT,AZE,1,2,2772.0
AUT,BFR,1,2,925.0
AUT,BGR,2,3,804.0
AUT,BHF,1,1,496.0
AUT,BLR,1,2,1025.0
AUT,CAN,1,3,6948.0
AUT,CHE,6,12,336.0
AUT,CHN,1,2,7452.0
AUT,CYP,1,3,2036.0
AUT,CZE,1,1,278.0
AUT,DEU,28,67,313.0
AUT,DNK,1,5,877.0
AUT,DZA,1,1,1673.0
AUT,EGY,4,6,2365.0
AUT,ENG,7,11,941.0
AUT,ESP,16,40,1102.0
AUT,FIN,1,2,1460.0
AUT,FXX,5,13,672.0
AUT,GEG,1,2,2333.0
AUT,GRC,15,36,983.0
AUT,HRV,3,6,266.0
AUT,HUN,1,1,215.0
AUT,IND,1,2,5546.0
AUT,IRK,1,1,2595.0
AUT,IRL,1,1,1702.0
AUT,IRN,1,2,3161.0
AUT,ISR,1,3,2361.0
AUT,ITA,11,28,432.0
AUT,JOR,1,3,2449.0
AUT,JPN,1,2,9154.0
AUT,KAZ,1,2,3880.0
AUT,KOS,1,1,708.0
AUT,LTU,1,1,943.0
AUT,LUX,1,2,776.0
AUT,LVA,1,2,1099.0
AUT,MDA,1,1,936.0
AUT,MKD,1,1,790.0
AUT,MLT,1,4,1373.0
AUT,MNE,1,2,673.0
AUT,NLX,4,5,635.0
AUT,NOW,1,2,1382.0
AUT,PMD,1,4,3265.0
AUT,POL,2,4,320.0
AUT,PRX,1,2,2305.0
AUT,QAT,1,1,3969.0
AUT,ROU,4,8,555.0
AUT,RUS,6,13,1572.0
AUT,SRS,1,2,465.0
AUT,SVK,1,1,350.0
AUT,SVN,1,2,264.0
AUT,SWE,1,4,1286.0
AUT,THA,1,3,8451.0
AUT,TUN,1,1,1355.0
AUT,TUR,10,19,1224.0
AUT,TWN,1,1,8968.0
AUT,UKR,5,10,571.0
AUT,USA,3,6,6805.0
AZE,AFG,1,1,1809.0
AZE,ARE,1,2,1762.0
AZE,AUT,1,2,2772.0
AZE,BLR,1,1,2218.0
AZE,CHN,2,2,3081.0
AZE,CZE,1,2,2963.0
AZE,DEU,1,3,3367.0
AZE,ENG,1,2,4002.0
AZE,FXX,1,2,3803.0
AZE,GEG,1,2,447.0
AZE,HUN,1,1,2564.0
AZE,IRN,2,3,418.0
AZE,ISR,1,1,1649.0
AZE,ITA,2,4,3144.0
AZE,KAZ,3,4,387.0
AZE,LVA,1,2,2618.0
AZE,QAT,1,2,1696.0
AZE,RUS,15,21,708.0
AZE,TKM,1,2,767.0
AZE,TUR,4,6,1444.0
AZE,UKR,1,3,1846.0
AZE,UZB,1,1,1617.0
BDI,KEN,1,6,874.0
BDI,RWA,1,6,176.0
BDI,UGA,1,1,511.0
BEN,BFA,1,1,792.0
BEN,CIV,1,8,709.0
BEN,CMR,1,4,853.0
BEN,COG,2,7,1630.0
BEN,ETH,1,1,4022.0
BEN,FXX,1,1,4743.0
BEN,GAB,1,3,1019.0
BEN,GHA,1,1,294.0
BEN,GNQ,2,2,758.0
BEN,KEN,1,1,3928.0
BEN,MLI,1,3,1325.0
BEN,NER,1,1,792.0
BEN,NGA,2,3,106.0
BEN,SEN,1,2,2362.0
BEN,TGO,1,3,127.0
BFA,BEN,1,1,792.0
BFA,BFR,1,4,4321.0
BFA,CIV,2,8,657.0
BFA,DZA,1,1,2747.0
BFA,ETH,1,1,4417.0
BFA,FXX,1,1,4094.0
BFA,GHA,1,1,765.0
BFA,MAR,1,1,2417.0
BFA,MLI,1,3,699.0
BFA,NER,1,7,420.0
BFA,SEN,1,1,1747.0
BFA,TGO,1,2,752.0
BFA,TUN,1,1,2965.0
BFA,TUR,1,1,4356.0
BFR,AGO,1,4,6698.0
BFR,ARE,1,3,5167.0
BFR,AUT,1,2,925.0
BFR,BDI,1,4,6476.0
BFR,BEN,1,4,4957.0
BFR,BFA,1,4,4321.0
BFR,BGR,3,3,1698.0
BFR,BWR,1,1,191.0
BFR,CAN,2,7,5554.0
BFR,CHE,2,6,483.0
BFR,CHN,1,2,7945.0
BFR,CIV,1,3,5135.0
BFR,CMR,2,9,5237.0
BFR,COD,1,1,6236.0
BFR,CYP,1,1,2878.0
BFR,CZE,1,4,697.0
BFR,DEU,7,15,305.0
BFR,DNK,2,5,621.0
BFR,DZA,1,1,1583.0
BFR,EGY,1,2,3209.0
BFR,ENG,8,14,308.0
BFR,ESP,16,39,1013.0
BFR,EST,1,2,1592.0
BFR,FIN,1,1,1647.0
BFR,FXX,11,21,251.0
BFR,GRC,8,12,1736.0
BFR,HRV,2,3,1029.0
BFR,HUN,1,1,1139.0
BFR,IND,2,4,6399.0
BFR,IRL,2,2,784.0
BFR,ISL,1,1,2148.0
BFR,ISR,1,2,3251.0
BFR,ITA,11,26,665.0
BFR,LBN,1,1,3139.0
BFR,LTU,1,4,1454.0
BFR,LVA,1,2,1434.0
BFR,MAR,6,14,1865.0
BFR,MLT,1,2,1854.0
BFR,MNE,1,1,1436.0
BFR,NLX,1,1,158.0
BFR,NOW,1,2,1104.0
BFR,PMD,1,1,2664.0
BFR,POL,3,3,867.0
BFR,PRX,3,15,1473.0
BFR,QAT,1,1,4892.0
BFR,ROU,1,2,1754.0
BFR,RUS,2,2,2230.0
BFR,RWA,1,5,6362.0
BFR,SCT,1,1,765.0
BFR,SEN,1,5,4477.0
BFR,SLE,1,3,4974.0
BFR,SRS,1,1,1357.0
BFR,SVN,1,2,898.0
BFR,SWE,3,6,905.0
BFR,THA,1,2,9262.0
BFR,TUN,4,4,1627.0
BFR,TUR,6,7,2141.0
BFR,UKR,1,2,1854.0
BFR,USA,6,21,5886.0
BGD,ARE,7,9,3521.0
BGD,BTN,1,1,408.0
BGD,CHN,2,2,1275.0
BGD,ENG,1,1,8015.0
BGD,HKG,1,3,2409.0
BGD,IND,5,12,239.0
BGD,ITA,1,1,7321.0
BGD,KWT,1,2,4241.0
BGD,LKA,1,2,2166.0
BGD,MMR,1,1,975.0
BGD,MYS,2,6,2418.0
BGD,NPL,1,4,662.0
BGD,OMN,2,5,3262.0
BGD,PAK,1,1,2354.0
BGD,QAT,1,2,3913.0
BGD,SAU,4,7,4080.0
BGD,SGP,1,4,2898.0
BGD,THA,2,7,1341.0
BGD,TUR,1,1,5962.0
BGR,ARE,1,1,3506.0
BGR,AUT,2,3,804.0
BGR,BFR,3,3,1698.0
BGR,BWR,1,1,1679.0
BGR,CHE,1,1,1279.0
BGR,CYP,2,4,1185.0
BGR,CZE,1,2,1080.0
BGR,DEU,7,11,1101.0
BGR,DNK,1,1,1802.0
BGR,ENG,8,10,2011.0
BGR,ESP,5,8,1762.0
BGR,FIN,1,1,1981.0
BGR,FXX,2,3,1754.0
BGR,GRC,1,4,531.0
BGR,IRL,1,1,2754.0
BGR,ISR,1,2,1559.0
BGR,ITA,4,7,924.0
BGR,LUX,1,1,1795.0
BGR,NLX,2,2,1670.0
BGR,NOW,1,1,2248.0
BGR,POL,1,2,1069.0
BGR,ROU,1,3,300.0
BGR,RUS,6,8,1535.0
BGR,SRS,2,2,343.0
BGR,TUR,1,1,469.0
BHF,AUT,1,1,496.0
BHF,BIS,1,1,149.0
BHF,DEU,4,4,713.0
BHF,DNK,1,1,1372.0
BHF,HRV,1,1,278.0
BHF,ITA,1,1,698.0
BHF,SRS,1,2,192.0
BHF,SVN,1,1,405.0
BHF,SWE,3,3,1289.0
BHF,TUR,2,4,899.0
BHR,ARE,4,16,452.0
BHR,CYP,1,1,1885.0
BHR,DEU,1,1,4440.0
BHR,EGY,1,2,1930.0
BHR,ENG,1,4,5094.0
BHR,ETH,1,1,2292.0
BHR,FXX,1,1,4822.0
BHR,IND,6,7,2413.0
BHR,IRN,2,3,1018.0
BHR,IRR,2,2,877.0
BHR,JOR,1,2,1546.0
BHR,KWT,1,4,420.0
BHR,LBN,1,1,1679.0
BHR,LKA,1,2,3752.0
BHR,OMN,1,3,827.0
BHR,PAK,5,6,1663.0
BHR,PHL,1,2,7370.0
BHR,QAT,1,10,148.0
BHR,SAU,4,8,86.0
BHR,SDN,1,1,2218.0
BHR,THA,1,3,5386.0
BHR,TUR,1,2,2608.0
BHR,YEM,1,2,1372.0
BHS,CAN,2,3,2082.0
BHS,CUB,1,2,551.0
BHS,CYM,1,1,754.0
BHS,ENG,1,1,6977.0
BHS,JAM,1,1,793.0
BHS,PAN,1,1,1787.0
BHS,TCA,2,4,344.0
BHS,USA,40,72,98.0
BIS,BHF,1,1,149.0
BIS,CHE,1,1,729.0
BIS,SRS,1,1,238.0
BLM,ACA,1,2,140.0
BLM,GLP,1,2,229.0
BLM,MAF,1,1,31.0
BLM,NLY,1,1,49.0
BLM,PRI,1,1,339.0
BLM,SXM,1,3,32.0
BLM,VIR,1,1,230.0
BLR,ARE,1,2,3950.0
BLR,ARM,1,1,1958.0
BLR,AUT,1,2,1025.0
BLR,AZE,1,1,2218.0
BLR,CHE,1,1,1770.0
BLR,CYP,1,1,2158.0
BLR,CZE,1,2,1030.0
BLR,DEU,3,4,980.0
BLR,ENG,1,1,1921.0
BLR,ESP,1,1,2375.0
BLR,FIN,1,2,739.0
BLR,FXX,2,2,1835.0
BLR,GEA,1,1,1694.0
BLR,GEG,2,2,1681.0
BLR,HUN,1,1,946.0
BLR,IRN,1,1,2725.0
BLR,ISR,1,1,2492.0
BLR,ITA,2,2,1654.0
BLR,KAZ,1,1,2914.0
BLR,LBN,1,1,2306.0
BLR,LTU,1,1,197.0
BLR,LVA,1,2,424.0
BLR,NLX,1,1,1556.0
BLR,POL,1,2,509.0
BLR,RUS,8,12,494.0
BLR,SWE,1,1,888.0
BLR,TKM,1,1,2900.0
BLR,TUR,1,2,1403.0
BLR,UKR,1,2,439.0
BLZ,GTM,1,2,180.0
BLZ,HND,2,2,234.0
BLZ,MEX,2,2,404.0
BLZ,SLV,1,1,463.0
BLZ,USA,7,10,1236.0
BMU,CAN,1,2,1811.0
BMU,ENG,1,2,5541.0
BMU,USA,6,11,1227.0
BOL,ARG,1,2,1964.0
BOL,BRA,2,3,447.0
BOL,CHL,3,3,306.0
BOL,COL,1,1,2448.0
BOL,ESP,1,2,8917.0
BOL,PAN,1,1,3466.0
BOL,PER,4,8,362.0
BOL,PRY,1,2,1025.0
BOL,USA,1,2,5174.0
BRA,AGO,2,2,6200.0
BRA,ARE,3,3,11884.0
BRA,ARG,15,29,849.0
BRA,BOL,3,4,447.0
BRA,BRB,1,1,4300.0
BRA,CAN,1,2,8194.0
BRA,CHE,1,1,9609.0
BRA,CHL,3,6,2614.0
BRA,COL,4,8,321.0
BRA,CPV,1,1,2659.0
BRA,DEU,5,8,7709.0
BRA,DOM,2,4,5292.0
BRA,ECU,1,1,4308.0
BRA,ENG,2,3,9253.0
BRA,ESP,4,8,6932.0
BRA,FXX,3,4,8756.0
BRA,GUF,1,1,813.0
BRA,ITA,4,4,7201.0
BRA,MAR,1,1,7540.0
BRA,MEX,1,2,7433.0
BRA,NLX,2,2,9560.0
BRA,PAN,7,7,2531.0
BRA,PER,4,10,2812.0
BRA,PRX,12,12,5612.0
BRA,PRY,2,5,876.0
BRA,QAT,1,1,11858.0
BRA,SUR,1,1,1064.0
BRA,TGO,1,1,6137.0
BRA,TUR,1,1,10559.0
BRA,URY,4,9,706.0
BRA,USA,26,58,3877.0
BRA,VEN,2,3,1611.0
BRA,ZAF,1,2,7439.0
BRB,ACA,1,2,515.0
BRB,BRA,1,1,4300.0
BRB,CAN,1,2,3908.0
BRB,DEU,1,1,7336.0
BRB,DMA,1,1,337.0
BRB,ENG,2,5,6699.0
BRB,GRD,1,1,276.0
BRB,GUY,1,1,713.0
BRB,JAM,1,1,1929.0
BRB,LCA,1,1,193.0
BRB,MTQ,1,1,235.0
BRB,SXM,1,1,674.0
BRB,TTO,1,1,341.0
BRB,USA,2,3,2593.0
BRB,VCT,1,1,180.0
BRN,ARE,1,1,6735.0
BRN,AUS,1,1,5659.0
BRN,CHN,1,1,3001.0
BRN,HKG,1,2,1934.0
BRN,IDN,2,4,1391.0
BRN,MYS,3,7,101.0
BRN,PHL,1,2,1255.0
BRN,SAU,1,1,8336.0
BRN,SGP,1,2,1278.0
BRN,THA,1,2,1833.0
BTN,BGD,1,1,408.0
BTN,IND,3,3,135.0
BTN,NPL,1,1,402.0
BWA,KEN,1,1,2842.0
BWA,NAM,1,1,678.0
BWA,ZAF,6,9,293.0
BWA,ZMB,1,1,1059.0
BWA,ZWE,2,2,328.0
BWR,BGR,1,1,1679.0
BWR,CYP,1,1,2857.0
BWR,ENG,1,1,562.0
BWR,ESP,18,18,960.0
BWR,FXX,14,16,167.0
BWR,GRC,8,8,1706.0
BWR,HRV,2,2,940.0
BWR,HUN,1,2,1130.0
BWR,IRL,1,1,804.0
BWR,ITA,18,18,631.0
BWR,LTU,1,1,1477.0
BWR,MAR,8,8,1817.0
BWR,MKD,1,1,1618.0
BWR,MNE,1,1,1444.0
BWR,NOW,1,1,1070.0
BWR,POL,3,3,1089.0
BWR,PRX,2,2,1440.0
BWR,ROU,2,2,1467.0
BWR,SCT,1,1,802.0
BWR,SRS,1,1,1340.0
BWR,SVK,1,1,958.0
BWR,SVN,1,1,876.0
BWR,SWE,1,1,1221.0
BWR,TUR,1,1,2189.0
CAF,CMR,2,2,776.0
CAF,MAR,1,1,4206.0
CAN,ABW,1,2,3587.0
CAN,ACA,1,2,3394.0
CAN,ARE,2,3,11082.0
CAN,AUS,1,1,12501.0
CAN,AUT,1,3,6948.0
CAN,BFR,2,6,5554.0
CAN,BHS,3,4,2082.0
CAN,BMU,1,2,1811.0
CAN,BRA,1,2,8194.0
CAN,BRB,1,2,3908.0
CAN,CHE,3,8,5905.0
CAN,CHL,1,1,8617.0
CAN,CHN,6,12,8003.0
CAN,COL,1,2,4367.0
CAN,CRI,2,3,3723.0
CAN,CUB,13,27,2301.0
CAN,CYM,1,2,2716.0
CAN,DEU,9,19,5236.0
CAN,DNK,1,3,6269.0
CAN,DOM,8,14,2790.0
CAN,DZA,1,1,6275.0
CAN,EGY,1,1,9228.0
CAN,ENG,15,39,3716.0
CAN,ESP,3,4,5705.0
CAN,ETH,1,1,11501.0
CAN,FXX,9,19,5292.0
CAN,GLP,1,1,3441.0
CAN,GRC,2,2,7632.0
CAN,GRD,1,2,3915.0
CAN,GUY,1,2,4630.0
CAN,HKG,2,4,10269.0
CAN,HTI,1,1,2993.0
CAN,IRL,1,3,5261.0
CAN,ISL,2,2,4171.0
CAN,ISR,1,2,9295.0
CAN,ITA,4,8,6358.0
CAN,JAM,4,10,2804.0
CAN,JOR,1,3,8897.0
CAN,JPN,4,10,7503.0
CAN,KOR,2,4,8200.0
CAN,LCA,1,2,3775.0
CAN,MAR,1,1,5674.0
CAN,MEX,16,27,2605.0
CAN,MTQ,1,1,3636.0
CAN,NLX,4,10,5503.0
CAN,NZL,1,2,11361.0
CAN,PAK,3,3,10984.0
CAN,PAN,1,1,3848.0
CAN,PAZ,1,2,4513.0
CAN,PER,1,1,6199.0
CAN,PHL,1,1,10554.0
CAN,POL,1,2,6935.0
CAN,PRI,1,1,3082.0
CAN,PRX,3,7,5235.0
CAN,QAT,1,1,10406.0
CAN,RUS,2,2,7467.0
CAN,SAU,1,1,10444.0
CAN,SCT,2,2,5284.0
CAN,SLV,1,1,3480.0
CAN,SPM,3,3,275.0
CAN,SXM,1,1,3244.0
CAN,TCA,1,2,2529.0
CAN,TTO,1,2,4079.0
CAN,TUN,1,1,6770.0
CAN,TUR,1,2,8172.0
CAN,TWN,2,3,9592.0
CAN,USA,162,363,157.0
CCK,CXR,1,1,985.0
CHE,ARE,3,7,4768.0
CHE,AUT,6,11,336.0
CHE,BFR,2,6,483.0
CHE,BGR,1,1,1279.0
CHE,BIS,1,1,729.0
CHE,BLR,1,1,1770.0
CHE,BRA,1,1,9609.0
CHE,CAN,3,8,5905.0
CHE,CHN,3,3,7971.0
CHE,CUB,1,1,8217.0
CHE,CYP,1,3,2505.0
CHE,CZE,2,4,511.0
CHE,DEU,24,42,145.0
CHE,DNK,3,7,921.0
CHE,DOM,1,1,7526.0
CHE,DZA,1,1,1088.0
CHE,EGY,5,10,2745.0
CHE,ENG,16,23,712.0
CHE,ESP,26,42,637.0
CHE,FIN,2,3,1778.0
CHE,FXX,15,21,300.0
CHE,GRC,5,9,1639.0
CHE,HKG,1,1,9280.0
CHE,HRV,5,8,605.0
CHE,HUN,2,2,805.0
CHE,IND,2,4,6148.0
CHE,IRL,2,3,1191.0
CHE,ISL,1,1,2631.0
CHE,ISR,2,5,2809.0
CHE,ITA,22,38,204.0
CHE,JEY,2,2,703.0
CHE,JOR,2,2,2906.0
CHE,JPN,1,2,9595.0
CHE,KEN,1,3,6084.0
CHE,KOR,1,1,8743.0
CHE,KOS,2,4,1120.0
CHE,LBN,1,1,2834.0
CHE,LUX,2,2,296.0
CHE,LVA,1,1,1481.0
CHE,MAR,4,5,1843.0
CHE,MKD,1,2,1198.0
CHE,MLT,2,3,1349.0
CHE,MNE,1,1,1015.0
CHE,NLX,3,5,603.0
CHE,NOW,2,3,1417.0
CHE,OMN,1,2,5109.0
CHE,PMD,1,2,2688.0
CHE,POL,5,7,727.0
CHE,PRX,5,19,1309.0
CHE,QAT,2,3,4495.0
CHE,ROU,2,3,1389.0
CHE,RUS,6,6,1966.0
CHE,SAU,2,2,4040.0
CHE,SCT,1,1,1264.0
CHE,SGP,1,3,10306.0
CHE,SRS,2,5,952.0
CHE,SVN,1,2,470.0
CHE,SWE,2,6,1486.0
CHE,THA,1,2,9054.0
CHE,TUN,6,6,1098.0
CHE,TUR,6,11,1741.0
CHE,UKR,2,3,1658.0
CHE,USA,15,29,6010.0
CHE,ZAF,1,2,8419.0
CHL,ARG,5,10,187.0
CHL,AUS,1,2,11340.0
CHL,BOL,3,3,306.0
CHL,BRA,3,6,2614.0
CHL,CAN,1,1,8617.0
CHL,COL,1,2,4251.0
CHL,DOM,1,1,5783.0
CHL,ECU,2,2,3600.0
CHL,ESP,1,2,10718.0
CHL,FXX,1,2,11673.0
CHL,MEX,2,3,6288.0
CHL,NZL,1,2,9653.0
CHL,PAN,1,1,4809.0
CHL,PER,2,7,1453.0
CHL,PRY,1,2,1571.0
CHL,PYF,1,1,4249.0
CHL,URY,1,2,1367.0
CHL,USA,4,10,6657.0
CHL,VEN,1,1,4908.0
CHN,AGO,1,1,11774.0
CHN,ARE,7,14,4760.0
CHN,AUS,10,17,6159.0
CHN,AUT,1,2,7452.0
CHN,AZE,2,2,3081.0
CHN,BFR,1,2,7945.0
CHN,BGD,2,2,1275.0
CHN,BRN,1,1,3001.0
CHN,CAN,6,12,8003.0
CHN,CHE,3,3,7971.0
CHN,DEU,9,19,7356.0
CHN,DNK,2,3,7194.0
CHN,DZA,1,1,9104.0
CHN,EGY,2,4,7533.0
CHN,ENG,5,11,8153.0
CHN,ESP,1,2,9205.0
CHN,ETH,3,6,8038.0
CHN,FIN,4,6,6308.0
CHN,FXX,4,10,8189.0
CHN,GEG,1,1,3440.0
CHN,HKG,44,117,136.0
CHN,IDN,8,13,3361.0
CHN,IND,5,6,1497.0
CHN,IRN,4,4,3220.0
CHN,ISR,1,2,7141.0
CHN,ITA,4,5,8092.0
CHN,JPN,55,140,789.0
CHN,KAZ,4,7,841.0
CHN,KEN,1,2,8679.0
CHN,KGZ,2,5,1052.0
CHN,KHM,7,11,1280.0
CHN,KOR,68,152,448.0
CHN,LAO,4,5,273.0
CHN,LKA,3,3,3156.0
CHN,MAC,19,46,534.0
CHN,MDV,3,4,4770.0
CHN,MEX,1,1,10619.0
CHN,MMR,6,8,804.0
CHN,MNG,3,4,253.0
CHN,MNP,3,3,3014.0
CHN,MUS,2,2,8922.0
CHN,MYS,16,29,1873.0
CHN,NLX,6,13,7827.0
CHN,NPL,4,4,571.0
CHN,NZL,2,3,9300.0
CHN,PAK,3,4,1708.0
CHN,PHL,4,13,1156.0
CHN,POL,1,2,6944.0
CHN,PRK,2,3,326.0
CHN,QAT,6,6,5131.0
CHN,RUS,29,46,393.0
CHN,SAU,2,2,6686.0
CHN,SGP,22,45,2183.0
CHN,SWE,1,2,6691.0
CHN,THA,45,73,652.0
CHN,TJK,2,4,1521.0
CHN,TKM,1,1,2518.0
CHN,TUR,4,7,4713.0
CHN,TWN,94,189,184.0
CHN,USA,19,58,7914.0
CHN,UZB,2,4,1515.0
CHN,VNM,17,23,289.0
CHN,ZAF,1,2,11708.0
CIV,BEN,1,3,709.0
CIV,BFA,2,8,657.0
CIV,BFR,1,3,5135.0
CIV,CMR,1,1,1519.0
CIV,DZA,1,1,3570.0
CIV,FXX,2,3,4869.0
CIV,GAB,1,1,1574.0
CIV,GHA,1,7,418.0
CIV,GIN,1,2,1171.0
CIV,KEN,1,1,4596.0
CIV,LBR,1,1,720.0
CIV,MAR,1,1,3148.0
CIV,MLI,1,2,921.0
CIV,NGA,1,4,815.0
CIV,SEN,1,3,1820.0
CIV,SLE,1,1,1089.0
CIV,TGO,1,5,582.0
CIV,TUN,1,1,3797.0
CIV,TUR,1,1,5152.0
CMR,BEN,1,4,853.0
CMR,BFR,2,9,5237.0
CMR,CAF,1,2,977.0
CMR,CIV,1,1,1519.0
CMR,COD,1,4,1129.0
CMR,COG,2,5,1010.0
CMR,ETH,1,2,3259.0
CMR,FXX,2,4,5050.0
CMR,GAB,2,5,396.0
CMR,GNQ,1,5,116.0
CMR,KEN,2,2,2875.0
CMR,MAR,2,2,3726.0
CMR,NGA,1,2,764.0
CMR,SEN,1,1,3210.0
CMR,TCD,2,3,360.0
CMR,TGO,1,1,968.0
CMR,TUR,1,1,4558.0
COD,BFR,1,4,6236.0
COD,CMR,1,5,1129.0
COD,COG,1,4,26.0
COD,FXX,1,1,6068.0
COD,GAB,1,1,860.0
COD,KEN,2,4,1543.0
COD,RWA,3,3,251.0
COD,TUR,1,1,5254.0
COD,ZAF,2,3,1619.0
COD,ZMB,1,3,199.0
COG,AGO,1,1,559.0
COG,BEN,2,7,1630.0
COG,CMR,2,4,1010.0
COG,COD,1,3,26.0
COG,ETH,2,2,2996.0
COG,FXX,2,4,6049.0
COG,GAB,3,6,574.0
COG,KEN,1,2,2429.0
COG,MAR,2,2,4715.0
COG,RWA,1,1,1672.0
COG,ZAF,2,2,2800.0
COK,AUS,1,1,4985.0
COK,NZL,1,3,3013.0
COK,PYF,1,2,1144.0
COK,USA,1,2,7536.0
COL,ABW,1,2,979.0
COL,ARG,1,2,4689.0
COL,BOL,1,1,2448.0
COL,BRA,4,8,321.0
COL,CAN,1,2,4367.0
COL,CHL,1,2,4251.0
COL,CRI,1,1,1256.0
COL,CUB,1,3,2219.0
COL,CUW,2,2,975.0
COL,DEU,1,2,9087.0
COL,DOM,2,3,1602.0
COL,ECU,6,11,460.0
COL,ESP,4,5,8031.0
COL,FXX,1,1,8645.0
COL,GTM,1,1,2103.0
COL,MEX,2,6,2278.0
COL,PAN,9,10,451.0
COL,PER,3,4,1733.0
COL,PRI,1,1,1765.0
COL,SLV,3,3,1698.0
COL,USA,18,49,1756.0
COL,VEN,2,5,1025.0
COM,DJI,1,1,2567.0
COM,KEN,2,4,927.0
COM,MDG,1,1,925.0
COM,MYT,1,2,260.0
COM,REU,1,1,1669.0
COM,TZA,1,1,684.0
CPV,BRA,1,1,2659.0
CPV,DEU,5,5,4590.0
CPV,ENG,5,9,4325.0
CPV,ESP,1,1,1671.0
CPV,FXX,2,3,4263.0
CPV,GMB,1,1,758.0
CPV,GNB,1,1,912.0
CPV,LUX,1,1,4496.0
CPV,MAR,1,1,2602.0
CPV,NLX,1,2,4640.0
CPV,PRX,4,8,2795.0
CPV,SEN,1,2,646.0
CPV,STP,1,1,3692.0
CPV,USA,1,1,5451.0
CRI,CAN,2,3,3723.0
CRI,COL,1,1,1256.0
CRI,DOM,1,1,1825.0
CRI,ESP,1,1,8500.0
CRI,GTM,1,4,855.0
CRI,HND,2,5,558.0
CRI,MEX,1,3,1910.0
CRI,NIC,1,3,321.0
CRI,PAN,4,7,227.0
CRI,PER,1,1,2570.0
CRI,SLV,2,2,496.0
CRI,USA,22,36,1778.0
CUB,AGO,1,1,10964.0
CUB,ARG,1,1,6904.0
CUB,BHS,1,2,551.0
CUB,CAN,16,29,2301.0
CUB,CHE,1,1,8217.0
CUB,COL,1,3,2219.0
CUB,CYM,1,1,425.0
CUB,DEU,4,4,7895.0
CUB,DOM,2,2,670.0
CUB,ECU,1,1,2608.0
CUB,ENG,2,2,7118.0
CUB,ESP,1,2,7462.0
CUB,FXX,2,2,7738.0
CUB,ITA,4,5,7998.0
CUB,JAM,1,1,304.0
CUB,MEX,4,8,509.0
CUB,MTQ,1,1,2435.0
CUB,NLX,1,1,7819.0
CUB,PAN,1,2,1581.0
CUB,PER,1,2,3936.0
CUB,RUS,2,3,9577.0
CUB,SLV,1,1,1272.0
CUB,VEN,2,3,2139.0
CUW,ABW,1,3,120.0
CUW,COL,2,2,975.0
CUW,DEU,1,1,7963.0
CUW,DOM,1,3,698.0
CUW,JAM,1,1,1055.0
CUW,NLX,1,2,7834.0
CUW,NLY,1,3,75.0
CUW,PAN,1,1,1191.0
CUW,SUR,1,1,1688.0
CUW,SXM,1,1,904.0
CUW,TTO,1,3,850.0
CUW,USA,2,4,1923.0
CUW,VEN,5,6,137.0
CXR,AUS,1,1,2613.0
CXR,CCK,1,1,985.0
CYM,BHS,1,1,754.0
CYM,CAN,1,2,2716.0
CYM,CUB,1,1,425.0
CYM,HND,1,2,704.0
CYM,JAM,1,1,505.0
CYM,USA,11,16,731.0
CYN,TUR,8,14,259.0
CYP,ARE,2,3,2333.0
CYP,AUT,1,3,2036.0
CYP,BFR,1,1,2878.0
CYP,BGR,2,4,1185.0
CYP,BHR,1,1,1885.0
CYP,BLR,1,1,2158.0
CYP,BWR,1,1,2857.0
CYP,CHE,1,3,2505.0
CYP,DEU,5,8,2340.0
CYP,EGY,1,2,568.0
CYP,ENG,17,46,3186.0
CYP,FXX,2,3,2581.0
CYP,GRC,7,12,763.0
CYP,HUN,1,1,1837.0
CYP,ISR,1,3,339.0
CYP,ITA,1,1,2413.0
CYP,JOR,1,1,414.0
CYP,LBN,1,2,207.0
CYP,LTU,1,1,2343.0
CYP,LVA,1,1,2557.0
CYP,MDA,1,1,1396.0
CYP,MLT,1,2,1737.0
CYP,NLX,2,3,2938.0
CYP,NOW,1,1,3244.0
CYP,POL,2,2,1995.0
CYP,QAT,1,1,2028.0
CYP,ROU,1,3,1255.0
CYP,RUS,8,11,1224.0
CYP,SCT,3,3,3596.0
CYP,SRS,1,2,1582.0
CYP,SWE,2,2,2911.0
CYP,UKR,5,5,1308.0
CYP,WLS,1,1,3464.0
CZE,ARE,1,2,4464.0
CZE,ARM,1,2,2587.0
CZE,AUT,1,1,278.0
CZE,AZE,1,2,2963.0
CZE,BFR,1,4,697.0
CZE,BGR,1,2,1080.0
CZE,BLR,1,2,1030.0
CZE,CHE,2,4,511.0
CZE,DEU,6,14,265.0
CZE,DNK,1,4,623.0
CZE,ENG,11,14,1000.0
CZE,ESP,7,16,1358.0
CZE,FIN,1,3,1320.0
CZE,FXX,9,16,511.0
CZE,GRC,3,5,1556.0
CZE,HRV,1,1,746.0
CZE,HUN,1,2,472.0
CZE,IRL,1,2,1455.0
CZE,ISR,1,4,2635.0
CZE,ITA,9,19,518.0
CZE,KAZ,1,1,4700.0
CZE,KOR,1,2,8237.0
CZE,LTU,1,1,901.0
CZE,LVA,1,2,992.0
CZE,MLT,1,2,1584.0
CZE,NLX,2,5,705.0
CZE,NOW,2,3,1132.0
CZE,PMD,1,1,3194.0
CZE,POL,1,3,521.0
CZE,PRX,1,1,2229.0
CZE,ROU,2,5,786.0
CZE,RUS,17,24,1424.0
CZE,SCT,1,2,1341.0
CZE,SRS,1,1,742.0
CZE,SVK,2,4,304.0
CZE,SVN,1,1,431.0
CZE,SWE,1,5,1087.0
CZE,TUR,2,2,1489.0
CZE,UKR,1,3,1181.0
CZE,UZB,1,1,4284.0
DEU,AGO,1,1,6564.0
DEU,ALB,2,2,992.0
DEU,ARE,8,23,4564.0
DEU,ARG,1,1,11503.0
DEU,AUT,28,67,313.0
DEU,AZE,1,3,3367.0
DEU,BFR,7,15,305.0
DEU,BGR,7,11,1101.0
DEU,BHF,4,4,713.0
DEU,BHR,1,1,4440.0
DEU,BLR,3,4,980.0
DEU,BRA,5,8,7709.0
DEU,CAN,9,19,5236.0
DEU,CHE,24,42,145.0
DEU,CHN,9,19,7356.0
DEU,COL,1,2,9087.0
DEU,CPV,5,5,4644.0
DEU,CUB,4,4,7895.0
DEU,CUW,1,1,7963.0
DEU,CYP,5,8,2340.0
DEU,CZE,6,14,265.0
DEU,DNK,12,27,280.0
DEU,DOM,6,7,7382.0
DEU,DZA,2,3,1544.0
DEU,EGY,13,18,2623.0
DEU,ENG,61,91,408.0
DEU,ESP,202,354,870.0
DEU,EST,2,2,1213.0
DEU,ETH,1,2,5349.0
DEU,FIN,8,19,1119.0
DEU,FXX,56,84,282.0
DEU,GEG,1,1,2688.0
DEU,GGY,2,2,695.0
DEU,GHA,1,1,5007.0
DEU,GRC,100,176,1169.0
DEU,HKG,2,3,9019.0
DEU,HRV,39,57,435.0
DEU,HUN,10,11,566.0
DEU,IND,7,14,5899.0
DEU,IRK,5,5,2940.0
DEU,IRL,15,19,915.0
DEU,IRN,4,5,3765.0
DEU,ISL,3,4,2401.0
DEU,ISR,6,12,2655.0
DEU,ITA,142,221,309.0
DEU,JAM,1,1,8196.0
DEU,JEY,3,3,677.0
DEU,JOR,3,7,2747.0
DEU,JPN,6,11,9261.0
DEU,KAZ,2,4,4309.0
DEU,KEN,2,2,6317.0
DEU,KOR,2,4,8500.0
DEU,KOS,7,9,965.0
DEU,KWT,1,2,4021.0
DEU,LBN,2,3,2705.0
DEU,LKA,1,1,8066.0
DEU,LTU,6,7,823.0
DEU,LUX,5,9,80.0
DEU,LVA,8,14,839.0
DEU,MAR,18,20,1861.0
DEU,MDA,2,2,1291.0
DEU,MDV,1,1,7884.0
DEU,MEX,4,4,8444.0
DEU,MKD,5,5,1116.0
DEU,MLT,5,8,1407.0
DEU,MNE,2,2,1183.0
DEU,MUS,1,1,9200.0
DEU,MYS,1,3,9998.0
DEU,NAM,1,1,8111.0
DEU,NGA,2,4,4564.0
DEU,NLX,14,27,178.0
DEU,NOW,15,26,725.0
DEU,OMN,2,2,4902.0
DEU,PAZ,2,2,2947.0
DEU,PMD,10,15,2798.0
DEU,POL,29,44,398.0
DEU,PRI,1,1,7354.0
DEU,PRX,29,47,1556.0
DEU,QAT,3,9,4302.0
DEU,ROU,10,15,776.0
DEU,RUS,33,46,546.0
DEU,SAU,4,10,3999.0
DEU,SCT,11,11,789.0
DEU,SGP,2,7,10058.0
DEU,SRS,7,16,760.0
DEU,SVN,2,4,311.0
DEU,SWE,13,29,571.0
DEU,SYC,1,1,7562.0
DEU,THA,2,4,8800.0
DEU,TJK,1,1,4824.0
DEU,TKM,1,1,4115.0
DEU,TTO,1,1,7593.0
DEU,TUN,21,32,1285.0
DEU,TUR,68,128,1548.0
DEU,TWN,1,1,9365.0
DEU,UKR,10,12,900.0
DEU,USA,43,115,5889.0
DEU,UZB,1,1,4684.0
DEU,VEN,1,1,8077.0
DEU,VNM,2,4,8712.0
DEU,WLS,1,1,702.0
DEU,ZAF,2,6,8444.0
DJI,ARE,1,4,1992.0
DJI,COM,1,1,2567.0
DJI,ETH,2,5,257.0
DJI,FXX,1,1,5592.0
DJI,KEN,1,2,1588.0
DJI,SAU,1,1,1204.0
DJI,SOL,1,1,247.0
DJI,SOX,1,4,1086.0
DJI,TUR,1,1,3592.0
DJI,YEM,2,3,260.0
DMA,ACA,1,1,184.0
DMA,BRB,1,1,337.0
DMA,GLP,1,3,84.0
DMA,PRI,1,4,594.0
DMA,SXM,1,4,338.0
DMA,VCT,1,1,266.0
DMA,VGB,1,2,472.0
DMA,VIR,1,1,499.0
DNK,ARE,1,2,4818.0
DNK,AUT,1,5,877.0
DNK,BFR,2,5,621.0
DNK,BGR,1,1,1802.0
DNK,BHF,1,1,1372.0
DNK,CAN,1,3,6269.0
DNK,CHE,3,7,921.0
DNK,CHN,2,3,7194.0
DNK,CZE,1,4,623.0
DNK,DEU,12,26,280.0
DNK,EGY,1,2,3197.0
DNK,ENG,13,18,725.0
DNK,ESP,17,31,1607.0
DNK,EST,1,2,839.0
DNK,FIN,2,4,783.0
DNK,FRO,2,2,1171.0
DNK,FXX,7,12,871.0
DNK,GRC,5,7,1841.0
DNK,GRL,1,1,3429.0
DNK,HRV,3,6,1124.0
DNK,HUN,2,3,1018.0
DNK,IRL,1,3,1242.0
DNK,ISL,2,4,1967.0
DNK,ISR,1,2,3143.0
DNK,ITA,13,21,1120.0
DNK,JPN,1,1,8712.0
DNK,KOS,1,1,1571.0
DNK,LTU,2,3,529.0
DNK,LUX,1,2,795.0
DNK,LVA,2,4,713.0
DNK,MAR,2,2,2926.0
DNK,MLT,2,2,2202.0
DNK,NLX,4,11,477.0
DNK,NOW,15,30,318.0
DNK,PAK,1,1,5421.0
DNK,POL,5,7,395.0
DNK,PRX,3,5,2447.0
DNK,QAT,1,1,4610.0
DNK,ROU,1,1,1552.0
DNK,RUS,2,3,1140.0
DNK,SCT,3,4,687.0
DNK,SGP,1,2,9968.0
DNK,SRS,1,1,1317.0
DNK,SVN,1,2,1052.0
DNK,SWE,7,9,182.0
DNK,THA,1,2,8637.0
DNK,TUR,8,10,1978.0
DNK,USA,7,7,6189.0
DOM,ABW,2,2,672.0
DOM,ACA,3,4,713.0
DOM,ARG,1,1,6027.0
DOM,BRA,2,4,5292.0
DOM,CAN,9,17,2790.0
DOM,CHE,1,1,7526.0
DOM,CHL,1,1,5783.0
DOM,COL,2,3,1602.0
DOM,CRI,1,1,1825.0
DOM,CUB,2,2,670.0
DOM,CUW,1,2,698.0
DOM,DEU,6,7,7382.0
DOM,ENG,1,1,6897.0
DOM,ESP,3,5,6570.0
DOM,FXX,7,10,6760.0
DOM,GLP,1,3,896.0
DOM,HTI,1,2,243.0
DOM,ITA,2,3,7605.0
DOM,JAM,2,2,754.0
DOM,NLX,1,1,7245.0
DOM,PAN,3,4,1477.0
DOM,PER,2,2,3483.0
DOM,PRI,6,9,249.0
DOM,RUS,3,4,8701.0
DOM,SXM,1,3,694.0
DOM,TCA,3,3,285.0
DOM,USA,37,61,1201.0
DOM,VEN,1,1,898.0
DZA,ARE,1,2,5068.0
DZA,AUT,1,1,1673.0
DZA,BFA,1,1,2747.0
DZA,BFR,1,1,1583.0
DZA,CAN,1,1,6275.0
DZA,CHE,1,1,1088.0
DZA,CHN,1,1,9104.0
DZA,CIV,1,1,3570.0
DZA,DEU,2,3,1544.0
DZA,EGY,1,2,2706.0
DZA,ENG,3,3,1630.0
DZA,ESP,7,14,296.0
DZA,FXX,39,68,748.0
DZA,ITA,3,4,962.0
DZA,JOR,1,2,3049.0
DZA,LBN,1,1,2934.0
DZA,LBY,1,2,1013.0
DZA,MAR,2,3,686.0
DZA,MLI,1,1,2908.0
DZA,MLT,1,1,1013.0
DZA,NER,1,1,2583.0
DZA,PRX,1,2,1110.0
DZA,QAT,1,1,4732.0
DZA,RUS,1,1,3332.0
DZA,SAU,2,2,3716.0
DZA,SEN,1,1,3188.0
DZA,TUN,2,3,625.0
DZA,TUR,4,6,1870.0
ECU,ARG,1,1,4251.0
ECU,BRA,1,1,4308.0
ECU,CHL,1,1,3600.0
ECU,COL,6,11,460.0
ECU,CUB,1,1,2608.0
ECU,ESP,2,4,8737.0
ECU,MEX,1,1,3136.0
ECU,NLX,1,2,9834.0
ECU,PAN,2,3,1029.0
ECU,PER,2,5,1139.0
ECU,SLV,2,2,1915.0
ECU,USA,5,8,2890.0
ECU,VEN,1,1,2012.0
EGY,ARE,7,11,2378.0
EGY,AUT,4,6,2365.0
EGY,BFR,1,2,3209.0
EGY,BHR,1,2,1930.0
EGY,CAN,1,1,9228.0
EGY,CHE,5,10,2745.0
EGY,CHN,2,4,7533.0
EGY,CYP,1,2,568.0
EGY,DEU,13,18,2623.0
EGY,DNK,1,2,3197.0
EGY,DZA,1,2,2706.0
EGY,ENG,12,34,3533.0
EGY,ERI,1,1,1818.0
EGY,ESP,2,2,2906.0
EGY,ETH,1,2,2474.0
EGY,FXX,3,5,3210.0
EGY,GHA,1,1,4283.0
EGY,GRC,2,4,942.0
EGY,HUN,1,1,2188.0
EGY,IDN,1,1,8949.0
EGY,IND,1,2,4341.0
EGY,IRK,1,1,1350.0
EGY,IRR,1,1,1262.0
EGY,ISR,1,1,392.0
EGY,ITA,3,5,2151.0
EGY,JOR,3,5,444.0
EGY,KEN,1,1,3545.0
EGY,KWT,6,16,1332.0
EGY,LBN,2,3,563.0
EGY,LBY,5,10,559.0
EGY,MAR,1,2,3684.0
EGY,NGA,3,3,3098.0
EGY,NLX,1,2,3287.0
EGY,OMN,1,2,2756.0
EGY,QAT,3,4,1896.0
EGY,RUS,11,11,2859.0
EGY,SAU,24,57,542.0
EGY,SDN,2,3,1326.0
EGY,SDS,1,2,2808.0
EGY,THA,1,3,7280.0
EGY,TUN,1,2,2096.0
EGY,TUR,4,8,1155.0
EGY,TZA,1,1,4198.0
EGY,UGA,1,1,3346.0
EGY,USA,1,2,9016.0
EGY,YEM,4,5,2089.0
EGY,ZAF,1,2,6265.0
ENG,ACA,1,3,6564.0
ENG,AGO,1,1,6836.0
ENG,ALB,1,1,1864.0
ENG,ARE,7,19,5473.0
ENG,ARG,1,1,11137.0
ENG,AUT,7,11,941.0
ENG,AZE,1,2,4002.0
ENG,BFR,8,13,308.0
ENG,BGD,2,2,8015.0
ENG,BGR,8,10,2011.0
ENG,BHR,1,4,5094.0
ENG,BHS,1,1,6977.0
ENG,BLR,1,1,1921.0
ENG,BMU,1,2,5541.0
ENG,BRA,2,3,9253.0
ENG,BRB,2,4,6699.0
ENG,BWR,1,1,562.0
ENG,CAN,15,40,3716.0
ENG,CHE,16,23,712.0
ENG,CHN,5,11,8153.0
ENG,CPV,5,9,4325.0
ENG,CUB,2,2,7109.0
ENG,CYP,17,50,3186.0
ENG,CZE,11,14,1000.0
ENG,DEU,61,91,408.0
ENG,DNK,13,18,725.0
ENG,DOM,2,3,6783.0
ENG,DZA,3,3,1630.0
ENG,EGY,12,33,3533.0
ENG,ESP,194,438,927.0
ENG,EST,3,3,1741.0
ENG,ETH,1,1,5920.0
ENG,FIN,4,9,1763.0
ENG,FXX,98,137,238.0
ENG,GGY,10,11,151.0
ENG,GHA,1,2,5100.0
ENG,GRC,55,95,2017.0
ENG,HKG,1,3,9631.0
ENG,HRV,19,32,1272.0
ENG,HUN,9,14,1451.0
ENG,IMN,8,9,110.0
ENG,IND,6,17,6731.0
ENG,IRL,45,53,217.0
ENG,IRN,1,1,4423.0
ENG,ISL,5,8,1653.0
ENG,ISR,4,6,3557.0
ENG,ITA,89,133,880.0
ENG,JAM,3,4,7420.0
ENG,JEY,16,19,191.0
ENG,JOR,1,2,3683.0
ENG,JPN,2,8,9591.0
ENG,KAZ,2,3,4797.0
ENG,KEN,1,3,6841.0
ENG,KOR,1,3,8861.0
ENG,KOS,1,1,1865.0
ENG,KWT,1,3,4675.0
ENG,LBN,1,3,3482.0
ENG,LBY,2,3,2365.0
ENG,LCA,2,4,6731.0
ENG,LKA,1,1,8715.0
ENG,LTU,9,9,1609.0
ENG,LUX,3,4,482.0
ENG,LVA,5,5,1625.0
ENG,MAR,14,26,1775.0
ENG,MDA,1,1,2133.0
ENG,MDV,1,1,8514.0
ENG,MEX,3,12,7795.0
ENG,MKD,1,1,1989.0
ENG,MLT,14,23,2063.0
ENG,MNE,2,2,1730.0
ENG,MUS,2,4,9748.0
ENG,MYS,1,2,10605.0
ENG,NGA,2,4,4774.0
ENG,NIR,20,23,265.0
ENG,NLX,21,43,239.0
ENG,NOW,19,29,616.0
ENG,OMN,1,1,5834.0
ENG,PAK,7,7,6054.0
ENG,PAZ,1,1,2493.0
ENG,PHL,1,1,10767.0
ENG,PMD,6,11,2371.0
ENG,POL,53,58,1004.0
ENG,PRX,28,60,1278.0
ENG,QAT,2,4,5241.0
ENG,ROU,9,11,1717.0
ENG,RUS,6,8,2114.0
ENG,SAU,4,8,4714.0
ENG,SCT,44,58,243.0
ENG,SGP,1,4,10883.0
ENG,SLE,2,2,4877.0
ENG,SRS,2,2,1701.0
ENG,SVK,5,5,1278.0
ENG,SVN,2,2,1210.0
ENG,SWE,14,24,953.0
ENG,THA,1,4,9578.0
ENG,TKM,2,2,4741.0
ENG,TTO,1,1,7100.0
ENG,TUN,7,20,1831.0
ENG,TUR,37,80,2461.0
ENG,UGA,1,2,6497.0
ENG,UKR,3,3,2140.0
ENG,USA,34,192,5240.0
ENG,UZB,1,1,5261.0
ENG,WLS,2,2,200.0
ENG,ZAF,2,8,9075.0
ERI,EGY,1,1,1818.0
ERI,KEN,1,1,1860.0
ERI,SAU,1,1,711.0
ERI,SDN,1,1,682.0
ERI,SDS,1,1,1407.0
ERI,YEM,2,2,570.0
ESP,AGO,1,1,5750.0
ESP,ARE,2,2,5176.0
ESP,ARG,2,4,10085.0
ESP,AUT,16,40,1102.0
ESP,BFR,18,42,1009.0
ESP,BGR,5,8,1762.0
ESP,BLR,1,1,2375.0
ESP,BOL,1,2,8917.0
ESP,BRA,4,8,6932.0
ESP,BWR,18,18,960.0
ESP,CAN,3,4,5705.0
ESP,CHE,25,42,637.0
ESP,CHL,1,2,10718.0
ESP,CHN,1,2,9205.0
ESP,COL,4,5,8031.0
ESP,CPV,1,1,1671.0
ESP,CRI,1,1,8500.0
ESP,CUB,2,3,7109.0
ESP,CZE,7,16,1358.0
ESP,DEU,201,353,870.0
ESP,DNK,17,31,1607.0
ESP,DOM,3,5,6570.0
ESP,DZA,7,14,296.0
ESP,ECU,2,4,8737.0
ESP,EGY,2,2,2906.0
ESP,ENG,191,433,927.0
ESP,EST,1,1,2468.0
ESP,FIN,11,16,2578.0
ESP,FXX,87,154,266.0
ESP,GHA,1,1,3892.0
ESP,GMB,2,4,1628.0
ESP,GNQ,1,1,4264.0
ESP,GRC,3,7,1694.0
ESP,GTM,1,1,8709.0
ESP,HRV,2,5,1229.0
ESP,HUN,3,5,1522.0
ESP,IRL,38,53,1126.0
ESP,ISL,1,2,3208.0
ESP,ISR,2,6,3082.0
ESP,ITA,90,120,483.0
ESP,JOR,2,4,3189.0
ESP,KOR,1,1,9965.0
ESP,LBY,1,1,1723.0
ESP,LTU,3,4,2258.0
ESP,LUX,10,12,980.0
ESP,LVA,2,3,2337.0
ESP,MAR,21,42,231.0
ESP,MEX,2,8,7962.0
ESP,MLT,3,4,1215.0
ESP,MRT,2,3,796.0
ESP,NGA,1,1,3831.0
ESP,NIR,10,15,1598.0
ESP,NLX,43,68,1028.0
ESP,NOW,35,52,1971.0
ESP,PAK,2,2,6136.0
ESP,PAN,1,1,8157.0
ESP,PER,1,3,9526.0
ESP,PMD,1,2,546.0
ESP,POL,18,22,1484.0
ESP,PRX,15,41,322.0
ESP,QAT,2,5,4862.0
ESP,ROU,11,17,1626.0
ESP,RUS,15,28,2822.0
ESP,SAU,1,2,4516.0
ESP,SCT,32,59,1393.0
ESP,SEN,4,7,1483.0
ESP,SGP,1,1,10899.0
ESP,SVK,3,3,1329.0
ESP,SWE,24,34,1958.0
ESP,THA,1,1,10193.0
ESP,TUN,3,3,859.0
ESP,TUR,7,7,2220.0
ESP,UKR,8,11,1853.0
ESP,URY,1,1,9947.0
ESP,USA,13,57,5474.0
ESP,VEN,2,4,5620.0
ESP,WLS,5,11,1197.0
EST,BFR,1,2,1592.0
EST,DEU,2,2,1213.0
EST,DNK,1,2,839.0
EST,ENG,3,3,1741.0
EST,ESP,1,1,2468.0
EST,FIN,2,3,101.0
EST,FXX,1,1,2120.0
EST,GRC,1,1,2677.0
EST,HRV,1,1,1858.0
EST,ITA,1,1,1829.0
EST,LTU,1,3,532.0
EST,LVA,1,1,281.0
EST,NLX,1,2,1472.0
EST,NOW,3,6,774.0
EST,POL,1,1,841.0
EST,RUS,2,3,308.0
EST,SWE,3,4,391.0
EST,TUR,1,1,2035.0
EST,UKR,1,1,1079.0
ETH,AGO,1,2,3457.0
ETH,ARE,1,3,2519.0
ETH,BEN,1,1,4022.0
ETH,BFA,1,1,4417.0
ETH,BHR,1,1,2292.0
ETH,CHN,3,6,8038.0
ETH,CMR,1,2,3259.0
ETH,COD,2,2,2605.0
ETH,COG,1,1,3354.0
ETH,DEU,1,2,5349.0
ETH,DJI,2,5,257.0
ETH,EGY,1,2,2474.0
ETH,ENG,1,1,5920.0
ETH,FXX,1,1,5581.0
ETH,GAB,1,1,3388.0
ETH,GHA,1,1,4312.0
ETH,GNQ,1,2,3374.0
ETH,HKG,1,1,8107.0
ETH,IND,2,4,3835.0
ETH,ISR,1,1,2593.0
ETH,ITA,1,1,4481.0
ETH,KEN,2,6,1164.0
ETH,KWT,1,2,2446.0
ETH,LBN,1,1,2783.0
ETH,MLI,1,2,5116.0
ETH,MOZ,1,1,3939.0
ETH,MWI,1,1,2591.0
ETH,NER,1,1,4021.0
ETH,NGA,3,3,3452.0
ETH,OMN,1,2,2633.0
ETH,QAT,1,1,2263.0
ETH,RWA,1,2,1550.0
ETH,SAU,3,9,1413.0
ETH,SDN,1,2,1000.0
ETH,SDS,1,2,916.0
ETH,SOL,1,1,584.0
ETH,TCD,1,1,2620.0
ETH,TGO,1,1,4148.0
ETH,THA,1,2,6758.0
ETH,TUR,1,1,3725.0
ETH,TZA,2,3,1393.0
ETH,UGA,1,2,1218.0
ETH,YEM,1,1,932.0
ETH,ZAF,1,2,4068.0
ETH,ZMB,1,1,2934.0
ETH,ZWE,1,4,3110.0
FIN,ALD,2,3,137.0
FIN,AUT,1,2,1460.0
FIN,BFR,1,1,1647.0
FIN,BGR,1,1,1981.0
FIN,BLR,1,2,739.0
FIN,CHE,2,3,1778.0
FIN,CHN,4,6,6308.0
FIN,CZE,1,3,1320.0
FIN,DEU,8,19,1119.0
FIN,DNK,2,4,783.0
FIN,ENG,4,9,1763.0
FIN,ESP,11,16,2578.0
FIN,EST,2,3,101.0
FIN,FXX,3,6,1896.0
FIN,GRC,2,2,2490.0
FIN,HKG,1,1,7810.0
FIN,HRV,2,3,1954.0
FIN,HUN,2,3,1480.0
FIN,IND,1,1,5223.0
FIN,IRL,1,1,2023.0
FIN,ISL,1,2,2444.0
FIN,ISR,1,1,3231.0
FIN,ITA,4,5,1950.0
FIN,JPN,3,6,7732.0
FIN,KOR,1,1,7032.0
FIN,LTU,1,2,632.0
FIN,LVA,2,3,382.0
FIN,NLX,1,3,1521.0
FIN,NOW,1,3,767.0
FIN,POL,4,5,719.0
FIN,PRX,1,2,3364.0
FIN,RUS,5,9,300.0
FIN,SGP,1,1,9275.0
FIN,SVN,1,1,1711.0
FIN,SWE,9,21,259.0
FIN,THA,1,1,7908.0
FIN,TUR,4,5,2133.0
FIN,UKR,1,1,1169.0
FIN,USA,1,4,6607.0
FJI,AUS,4,11,2711.0
FJI,HKG,1,2,8219.0
FJI,KIR,2,3,2179.0
FJI,KOR,1,1,8131.0
FJI,NCL,1,1,1266.0
FJI,NZL,3,7,2141.0
FJI,PNX,1,1,3389.0
FJI,SLB,1,2,2093.0
FJI,TON,2,2,749.0
FJI,TUV,1,1,1061.0
FJI,USA,2,6,5107.0
FJI,VUT,1,2,966.0
FJI,WLF,1,1,846.0
FJI,WSM,1,1,1210.0
FLK,CHL,1,1,851.0
FRO,DNK,2,2,1171.0
FRO,NOW,2,2,697.0
FSM,GUM,2,2,855.0
FSM,MHL,2,2,646.0
FSM,PLW,1,1,456.0
FXX,AGO,1,1,6519.0
FXX,ARE,4,7,4784.0
FXX,ARG,1,2,11101.0
FXX,ARM,1,3,3410.0
FXX,AUT,5,13,672.0
FXX,AZE,1,2,3803.0
FXX,BEN,1,1,4743.0
FXX,BFA,1,1,4094.0
FXX,BFR,11,20,251.0
FXX,BGR,2,3,1754.0
FXX,BHR,1,1,4822.0
FXX,BLR,2,2,1835.0
FXX,BRA,3,4,8756.0
FXX,BWR,14,16,167.0
FXX,CAF,1,1,5186.0
FXX,CAN,9,19,5292.0
FXX,CHE,15,21,300.0
FXX,CHL,1,2,11673.0
FXX,CHN,4,10,8189.0
FXX,CIV,2,3,4869.0
FXX,CMR,2,4,5050.0
FXX,COD,1,1,6068.0
FXX,COG,2,4,6049.0
FXX,COL,1,1,8645.0
FXX,CPV,4,4,4263.0
FXX,CUB,2,2,7501.0
FXX,CYP,2,3,2581.0
FXX,CZE,9,16,511.0
FXX,DEU,57,84,180.0
FXX,DJI,1,1,5592.0
FXX,DNK,7,12,871.0
FXX,DOM,2,5,7079.0
FXX,DZA,39,68,748.0
FXX,EGY,3,5,3210.0
FXX,ENG,98,137,238.0
FXX,ESP,85,152,266.0
FXX,EST,1,1,2120.0
FXX,ETH,1,1,5581.0
FXX,FIN,3,6,1896.0
FXX,GAB,1,1,5439.0
FXX,GEG,1,2,3366.0
FXX,GGY,1,1,102.0
FXX,GIN,1,1,4636.0
FXX,GLP,2,4,6752.0
FXX,GRC,22,32,1459.0
FXX,GUF,1,3,7086.0
FXX,HKG,1,3,9590.0
FXX,HRV,11,12,816.0
FXX,HTI,1,1,7353.0
FXX,HUN,4,5,881.0
FXX,IND,3,4,6565.0
FXX,IRL,20,23,729.0
FXX,IRN,1,1,4206.0
FXX,ISL,2,4,2241.0
FXX,ISR,5,9,2735.0
FXX,ITA,83,149,129.0
FXX,JEY,1,1,346.0
FXX,JOR,1,2,3381.0
FXX,JPN,3,7,9626.0
FXX,KEN,1,2,6495.0
FXX,KOR,1,3,8927.0
FXX,KOS,1,1,1196.0
FXX,LBN,1,2,3187.0
FXX,LBR,1,2,4910.0
FXX,LKA,1,1,8483.0
FXX,LTU,2,3,1674.0
FXX,LUX,6,7,273.0
FXX,LVA,2,3,1672.0
FXX,MAR,55,79,1128.0
FXX,MDA,1,1,1997.0
FXX,MDG,2,3,8152.0
FXX,MEX,2,4,8219.0
FXX,MLI,2,2,4135.0
FXX,MLT,6,11,1156.0
FXX,MNE,2,2,1451.0
FXX,MRT,1,1,3797.0
FXX,MTQ,2,4,6852.0
FXX,MUS,1,2,9447.0
FXX,MYS,1,3,10442.0
FXX,MYT,2,3,7458.0
FXX,NER,1,3,3951.0
FXX,NGA,2,4,4470.0
FXX,NIR,2,2,869.0
FXX,NLX,17,33,398.0
FXX,NOW,11,15,1115.0
FXX,OMN,1,1,5578.0
FXX,PAK,2,2,5896.0
FXX,PAN,1,1,8660.0
FXX,PAZ,1,1,2561.0
FXX,PER,1,2,10276.0
FXX,PMD,2,2,2391.0
FXX,POL,14,15,937.0
FXX,PRX,33,50,759.0
FXX,QAT,1,1,4969.0
FXX,REU,3,5,8801.0
FXX,ROU,6,7,1492.0
FXX,RUS,8,11,2133.0
FXX,SAU,2,4,4427.0
FXX,SCT,10,15,869.0
FXX,SEN,2,3,4192.0
FXX,SGP,1,2,10725.0
FXX,SRS,2,3,1423.0
FXX,SVK,1,1,1113.0
FXX,SVN,1,2,944.0
FXX,SWE,12,18,1125.0
FXX,SXM,2,4,6723.0
FXX,TCD,1,1,4259.0
FXX,TGO,1,1,4766.0
FXX,THA,1,3,9448.0
FXX,TUN,26,45,799.0
FXX,TUR,19,26,1781.0
FXX,TWN,1,1,9786.0
FXX,UKR,2,3,1933.0
FXX,USA,22,91,5534.0
FXX,UZB,2,2,4504.0
FXX,VEN,1,1,7633.0
FXX,VNM,2,6,9158.0
FXX,WLS,2,3,505.0
FXX,ZAF,1,2,8738.0
GAB,BEN,1,3,1019.0
GAB,CIV,1,1,1574.0
GAB,CMR,2,4,396.0
GAB,COD,1,1,860.0
GAB,COG,3,6,574.0
GAB,ETH,1,1,3388.0
GAB,FXX,1,1,5439.0
GAB,GNQ,1,1,375.0
GAB,MAR,1,1,4067.0
GAB,NGA,1,2,959.0
GAB,RWA,1,1,2320.0
GAB,TGO,1,1,1105.0
GAB,TUR,1,1,4938.0
GAB,ZAF,1,1,3581.0
GEA,BLR,1,1,1694.0
GEA,GEG,1,1,279.0
GEA,RUS,1,2,1558.0
GEA,TUR,1,1,1071.0
GEA,UKR,1,1,907.0
GEG,ARE,1,1,2061.0
GEG,AUT,1,2,2333.0
GEG,AZE,1,2,447.0
GEG,BLR,2,2,1681.0
GEG,CHN,1,1,3440.0
GEG,DEU,1,1,2688.0
GEG,FXX,1,2,3366.0
GEG,GEA,1,1,279.0
GEG,GRC,1,1,1837.0
GEG,IRK,1,1,610.0
GEG,IRR,1,1,937.0
GEG,ISR,1,3,1396.0
GEG,ITA,1,1,2698.0
GEG,KAZ,2,2,557.0
GEG,LTU,1,1,1869.0
GEG,LVA,1,2,2260.0
GEG,NLX,1,2,3220.0
GEG,POL,3,3,1958.0
GEG,RUS,2,2,1611.0
GEG,TUR,2,4,1308.0
GEG,UKR,5,6,754.0
GGY,DEU,1,1,695.0
GGY,ENG,10,11,151.0
GGY,FXX,1,1,102.0
GGY,JEY,1,4,39.0
GGY,NLX,1,1,607.0
GHA,ARE,1,1,6289.0
GHA,BEN,1,1,294.0
GHA,BFA,1,1,765.0
GHA,CIV,1,8,418.0
GHA,DEU,1,1,5007.0
GHA,EGY,1,1,4283.0
GHA,ENG,1,2,5100.0
GHA,ESP,1,1,3892.0
GHA,ETH,1,1,4312.0
GHA,ITA,1,1,4208.0
GHA,KEN,1,1,4191.0
GHA,LBN,1,1,4830.0
GHA,LBR,2,5,1130.0
GHA,MAR,1,1,3181.0
GHA,NAM,1,1,3665.0
GHA,NGA,2,5,401.0
GHA,NLX,1,1,5213.0
GHA,PRX,1,1,3798.0
GHA,SEN,1,3,2149.0
GHA,SLE,1,3,1476.0
GHA,TGO,1,1,169.0
GHA,TUR,1,1,4895.0
GHA,USA,1,1,8221.0
GHA,ZAF,1,1,4674.0
GIN,CIV,1,2,1171.0
GIN,FXX,1,1,4636.0
GIN,GNB,1,2,341.0
GIN,MAR,1,1,2716.0
GIN,MLI,1,2,700.0
GIN,MRT,1,1,1004.0
GIN,SEN,1,8,712.0
GIN,TGO,1,1,1681.0
GLP,ACA,1,2,101.0
GLP,BLM,1,2,229.0
GLP,CAN,1,1,3441.0
GLP,DMA,1,3,84.0
GLP,DOM,1,3,896.0
GLP,FXX,1,3,6752.0
GLP,HTI,1,2,1170.0
GLP,MAF,1,3,260.0
GLP,MTQ,1,5,195.0
GLP,PRI,1,2,532.0
GLP,SXM,1,1,259.0
GLP,USA,1,2,2213.0
GMB,CPV,1,1,758.0
GMB,ESP,2,4,1628.0
GMB,GNB,1,1,194.0
GMB,MAR,1,1,2409.0
GMB,SEN,1,4,180.0
GMB,SLE,1,2,646.0
GNB,CPV,1,1,912.0
GNB,GIN,1,2,341.0
GNB,GMB,1,1,194.0
GNB,MAR,1,1,2525.0
GNB,SEN,1,2,374.0
GNQ,BEN,2,2,758.0
GNQ,CMR,1,5,116.0
GNQ,ESP,1,1,4264.0
GNQ,ETH,1,2,3374.0
GNQ,GAB,1,2,375.0
GNQ,MAR,1,1,3702.0
GNQ,NGA,1,1,605.0
GRC,ALB,1,2,529.0
GRC,ARE,2,3,3263.0
GRC,ARM,1,1,1779.0
GRC,AUT,15,36,983.0
GRC,BFR,8,11,1736.0
GRC,BGR,1,4,531.0
GRC,BWR,7,7,1706.0
GRC,CAN,2,2,7632.0
GRC,CHE,5,9,1639.0
GRC,CYP,7,11,763.0
GRC,CZE,3,4,1556.0
GRC,DEU,94,166,1169.0
GRC,DNK,5,7,1841.0
GRC,EGY,2,4,942.0
GRC,ENG,55,88,2017.0
GRC,ESP,3,7,1694.0
GRC,EST,1,1,2677.0
GRC,FIN,2,2,2490.0
GRC,FXX,21,30,1459.0
GRC,GEG,1,1,1837.0
GRC,HRV,2,2,704.0
GRC,HUN,2,2,823.0
GRC,IRL,3,3,2501.0
GRC,ISR,2,3,971.0
GRC,ITA,17,24,663.0
GRC,JOR,1,1,1297.0
GRC,LBN,1,1,1135.0
GRC,LTU,4,4,2033.0
GRC,LUX,4,4,1551.0
GRC,LVA,2,2,2111.0
GRC,MDA,1,1,1080.0
GRC,MLT,1,1,873.0
GRC,NLX,20,21,1731.0
GRC,NOW,8,11,2263.0
GRC,POL,6,7,1338.0
GRC,QAT,1,2,2958.0
GRC,ROU,2,4,518.0
GRC,RUS,17,28,1490.0
GRC,SCT,7,7,2493.0
GRC,SRS,2,4,525.0
GRC,SWE,7,10,2076.0
GRC,TUR,5,8,137.0
GRC,UKR,5,5,1441.0
GRC,USA,1,3,8083.0
GRD,BRB,1,1,276.0
GRD,CAN,1,2,3915.0
GRD,LCA,1,2,212.0
GRD,TTO,1,3,164.0
GRD,USA,2,4,2472.0
GRD,VCT,1,1,146.0
GRD,VEN,1,1,267.0
GRL,DNK,1,1,3429.0
GRL,ISL,2,2,1401.0
GTM,BLZ,1,2,180.0
GTM,COL,1,1,2103.0
GTM,CRI,1,2,855.0
GTM,HND,2,8,296.0
GTM,MEX,2,3,200.0
GTM,NIC,1,1,544.0
GTM,PAN,1,1,1358.0
GTM,SLV,1,3,203.0
GTM,USA,9,17,1640.0
GUF,BRA,1,1,813.0
GUF,FXX,1,3,7086.0
GUF,MTQ,1,2,1441.0
GUF,SUR,1,1,321.0
GUM,AUS,1,1,3379.0
GUM,FSM,2,2,855.0
GUM,HKG,1,1,3404.0
GUM,JPN,7,19,2509.0
GUM,KOR,2,4,2889.0
GUM,MNP,2,2,91.0
GUM,PHL,1,2,2567.0
GUM,PLW,1,1,1311.0
GUM,TWN,1,2,2782.0
GUM,USA,1,1,6109.0
GUY,BRB,1,1,713.0
GUY,CAN,1,2,4630.0
GUY,JAM,1,1,2378.0
GUY,SUR,1,1,358.0
GUY,TTO,1,1,568.0
GUY,USA,2,2,3174.0
GUY,VEN,1,1,535.0
HKG,ARE,2,5,5920.0
HKG,AUS,6,15,5568.0
HKG,BGD,1,3,2409.0
HKG,BRN,1,2,1934.0
HKG,CAN,2,4,10269.0
HKG,CHE,1,1,9280.0
HKG,CHN,43,116,136.0
HKG,DEU,2,3,9019.0
HKG,ENG,1,3,9631.0
HKG,ETH,1,1,8107.0
HKG,FIN,1,1,7810.0
HKG,FJI,1,2,8219.0
HKG,FXX,1,3,9590.0
HKG,GUM,1,1,3404.0
HKG,IDN,3,10,3259.0
HKG,IND,6,14,2614.0
HKG,ISR,1,1,7726.0
HKG,ITA,2,2,9283.0
HKG,JPN,8,27,1457.0
HKG,KAZ,1,1,4113.0
HKG,KHM,2,2,1456.0
HKG,KOR,3,16,1752.0
HKG,MDV,1,2,4789.0
HKG,MMR,1,1,1955.0
HKG,MNG,1,2,2910.0
HKG,MUS,1,1,7734.0
HKG,MYS,3,11,1835.0
HKG,NLX,1,2,9274.0
HKG,NPL,1,1,2932.0
HKG,NZL,1,3,9170.0
HKG,PHL,4,11,1056.0
HKG,PNX,1,1,5064.0
HKG,QAT,1,2,6291.0
HKG,RUS,5,9,2884.0
HKG,SAU,1,1,6782.0
HKG,SGP,1,8,2566.0
HKG,THA,5,24,1605.0
HKG,TUR,1,1,8006.0
HKG,TWN,4,13,650.0
HKG,USA,5,16,11128.0
HKG,VNM,3,10,846.0
HKG,ZAF,1,2,10675.0
HND,BLZ,2,2,234.0
HND,CRI,2,5,558.0
HND,CYM,1,2,704.0
HND,GTM,3,10,296.0
HND,MEX,1,1,1262.0
HND,PAN,2,2,1018.0
HND,SLV,3,3,210.0
HND,USA,13,19,1236.0
HRV,AUT,3,6,266.0
HRV,BFR,2,3,1029.0
HRV,BHF,1,1,278.0
HRV,BWR,2,2,940.0
HRV,CHE,5,8,605.0
HRV,CZE,1,2,746.0
HRV,DEU,39,55,435.0
HRV,DNK,3,6,1124.0
HRV,ENG,19,32,1272.0
HRV,ESP,2,5,1229.0
HRV,EST,1,1,1858.0
HRV,FIN,2,3,1954.0
HRV,FXX,11,12,816.0
HRV,GRC,2,2,704.0
HRV,HUN,1,1,308.0
HRV,IRL,3,3,1739.0
HRV,ITA,4,5,384.0
HRV,KOS,1,1,530.0
HRV,LUX,1,1,1215.0
HRV,MKD,1,1,612.0
HRV,NIR,1,1,2228.0
HRV,NLX,3,3,1099.0
HRV,NOW,9,9,1624.0
HRV,POL,3,3,988.0
HRV,RUS,2,2,1868.0
HRV,SCT,1,2,2147.0
HRV,SRS,1,1,350.0
HRV,SWE,7,9,1517.0
HRV,TUR,1,2,1135.0
HTI,CAN,1,1,2993.0
HTI,DOM,2,3,243.0
HTI,GLP,1,2,1170.0
HTI,PAN,1,2,1305.0
HTI,SXM,1,1,971.0
HTI,TCA,2,3,227.0
HTI,USA,4,13,1149.0
HUN,ARE,1,1,4024.0
HUN,AUT,1,1,215.0
HUN,AZE,1,1,2564.0
HUN,BFR,1,1,1139.0
HUN,BLR,1,1,946.0
HUN,BWR,1,2,1130.0
HUN,CHE,2,2,805.0
HUN,CYP,1,1,1837.0
HUN,CZE,1,2,472.0
HUN,DEU,10,12,566.0
HUN,DNK,2,3,1018.0
HUN,EGY,1,1,2188.0
HUN,ENG,9,14,1451.0
HUN,ESP,3,5,1522.0
HUN,FIN,2,3,1480.0
HUN,FXX,4,5,881.0
HUN,GRC,2,2,823.0
HUN,HRV,1,1,308.0
HUN,IRL,1,2,1915.0
HUN,ISR,1,2,2165.0
HUN,ITA,9,11,575.0
HUN,LVA,1,1,1103.0
HUN,MLT,1,2,1346.0
HUN,NLX,4,4,1097.0
HUN,NOW,1,1,1508.0
HUN,POL,1,2,541.0
HUN,PRX,1,1,2480.0
HUN,QAT,1,1,3756.0
HUN,ROU,1,1,615.0
HUN,RUS,4,4,1534.0
HUN,SCT,1,1,1813.0
HUN,SRS,1,2,301.0
HUN,SWE,4,4,988.0
HUN,TUR,2,2,1017.0
HUN,UKR,1,1,881.0
IDN,ARE,2,5,6547.0
IDN,AUS,11,26,1345.0
IDN,BRN,2,4,1391.0
IDN,CHN,8,13,3361.0
IDN,EGY,1,1,8949.0
IDN,HKG,3,10,3259.0
IDN,JPN,6,13,5246.0
IDN,KOR,2,6,5264.0
IDN,LKA,1,2,3318.0
IDN,MYS,27,47,100.0
IDN,PHL,2,5,2665.0
IDN,PNX,1,1,3519.0
IDN,QAT,1,1,6894.0
IDN,SAU,4,7,7342.0
IDN,SGP,13,63,300.0
IDN,THA,6,8,1834.0
IDN,TLS,1,1,1139.0
IDN,TWN,3,7,3723.0
IDN,VNM,1,1,1884.0
IMN,ENG,8,9,110.0
IMN,IRL,1,1,131.0
IMN,NIR,1,1,100.0
IND,AFG,3,7,1001.0
IND,ARE,41,88,1753.0
IND,AUS,2,2,10192.0
IND,AUT,1,2,5546.0
IND,BFR,2,5,6399.0
IND,BGD,5,12,239.0
IND,BHR,6,8,2413.0
IND,BTN,3,3,135.0
IND,CHE,2,4,6148.0
IND,CHN,5,6,1497.0
IND,DEU,6,12,5899.0
IND,EGY,1,2,4341.0
IND,ENG,6,17,6731.0
IND,ETH,2,4,3835.0
IND,FIN,1,1,5223.0
IND,FXX,3,4,6565.0
IND,HKG,6,14,2614.0
IND,IRN,2,2,2554.0
IND,ISR,1,1,4047.0
IND,ITA,1,2,5933.0
IND,JOR,2,2,3938.0
IND,JPN,2,5,5909.0
IND,KAZ,1,1,1644.0
IND,KEN,2,3,4533.0
IND,KOR,2,3,4652.0
IND,KWT,8,9,2550.0
IND,LKA,9,24,355.0
IND,MDV,4,5,456.0
IND,MMR,1,1,1027.0
IND,MUS,3,6,4456.0
IND,MYS,9,22,2629.0
IND,NLX,2,3,6363.0
IND,NPL,4,8,352.0
IND,OMN,12,23,1466.0
IND,PAK,3,3,419.0
IND,QAT,13,17,2145.0
IND,REU,1,1,4631.0
IND,RUS,2,2,4363.0
IND,SAU,25,39,2499.0
IND,SGP,12,37,2904.0
IND,THA,9,18,1637.0
IND,TJK,1,1,1347.0
IND,TKM,2,2,1651.0
IND,TUR,2,4,4565.0
IND,TWN,1,2,4372.0
IND,USA,4,5,11754.0
IND,UZB,2,2,1170.0
IND,YEM,2,2,3053.0
IND,ZAF,1,3,6964.0
IRK,ARE,4,5,1496.0
IRK,AUT,1,1,2595.0
IRK,DEU,5,5,2940.0
IRK,EGY,1,1,1350.0
IRK,GEG,1,1,610.0
IRK,IRN,2,2,529.0
IRK,JOR,2,4,889.0
IRK,LBN,1,2,817.0
IRK,NLX,1,1,3535.0
IRK,QAT,2,2,1293.0
IRK,SWE,3,6,3203.0
IRK,TUR,5,10,779.0
IRL,ARE,2,4,5919.0
IRL,AUT,1,1,1702.0
IRL,BFR,2,2,784.0
IRL,BGR,1,1,2754.0
IRL,BWR,1,1,804.0
IRL,CAN,1,3,5261.0
IRL,CHE,2,3,1191.0
IRL,CZE,1,2,1455.0
IRL,DEU,15,19,915.0
IRL,DNK,1,3,1242.0
IRL,ENG,45,53,217.0
IRL,ESP,38,53,1126.0
IRL,FIN,1,1,2023.0
IRL,FXX,20,23,729.0
IRL,GRC,3,3,2501.0
IRL,HRV,3,3,1739.0
IRL,HUN,1,2,1915.0
IRL,IMN,1,1,131.0
IRL,ITA,15,16,1382.0
IRL,JEY,2,2,532.0
IRL,LTU,4,4,1967.0
IRL,LUX,1,1,959.0
IRL,LVA,1,1,1943.0
IRL,MAR,1,1,2430.0
IRL,MDA,1,1,2579.0
IRL,MLT,1,1,2532.0
IRL,NLX,4,4,750.0
IRL,NOW,2,3,1236.0
IRL,POL,15,15,1395.0
IRL,PRX,8,12,1366.0
IRL,ROU,1,2,2530.0
IRL,SCT,8,9,256.0
IRL,SVK,1,1,1741.0
IRL,SWE,1,2,1625.0
IRL,TUR,2,2,2924.0
IRL,USA,13,35,4646.0
IRL,WLS,1,1,300.0
IRN,AFG,5,5,325.0
IRN,ARE,19,23,152.0
IRN,ARM,1,1,793.0
IRN,AUT,1,2,3161.0
IRN,AZE,2,3,418.0
IRN,BHR,2,3,1018.0
IRN,BLR,1,1,2725.0
IRN,CHN,4,4,3220.0
IRN,DEU,4,5,3765.0
IRN,ENG,1,1,4423.0
IRN,FXX,1,1,4206.0
IRN,IND,2,2,2554.0
IRN,IRK,2,2,529.0
IRN,IRR,1,2,731.0
IRN,ITA,2,3,3424.0
IRN,KAZ,1,1,2381.0
IRN,KWT,7,11,247.0
IRN,LBN,2,2,1443.0
IRN,MYS,1,2,6336.0
IRN,NLX,1,1,4076.0
IRN,OMN,3,3,296.0
IRN,PAK,3,3,950.0
IRN,QAT,4,5,384.0
IRN,RUS,1,1,2512.0
IRN,SAU,11,12,1166.0
IRN,SWE,2,3,3600.0
IRN,THA,1,1,5497.0
IRN,TJK,2,3,851.0
IRN,TUR,8,14,1533.0
IRN,UZB,1,1,1705.0
IRR,ARE,8,10,959.0
IRR,BHR,2,2,877.0
IRR,EGY,1,1,1262.0
IRR,GEG,1,1,937.0
IRR,IRN,1,2,731.0
IRR,JOR,4,5,791.0
IRR,KWT,1,2,459.0
IRR,LBN,3,3,813.0
IRR,QAT,3,3,703.0
IRR,SWE,1,1,3510.0
IRR,TUR,6,6,1258.0
ISL,BFR,1,1,2148.0
ISL,CAN,2,2,4171.0
ISL,CHE,1,1,2631.0
ISL,DEU,3,4,2401.0
ISL,DNK,2,4,1967.0
ISL,ENG,5,8,1653.0
ISL,ESP,1,2,3208.0
ISL,FIN,1,2,2444.0
ISL,FXX,2,4,2241.0
ISL,GRL,2,2,1401.0
ISL,NLX,1,1,2038.0
ISL,NOW,2,5,1489.0
ISL,SCT,2,2,1347.0
ISL,SWE,1,1,2143.0
ISL,USA,7,7,3874.0
ISR,AUT,1,3,2361.0
ISR,AZE,1,1,1649.0
ISR,BFR,1,2,3251.0
ISR,BGR,1,2,1559.0
ISR,BLR,1,1,2492.0
ISR,CAN,2,3,8803.0
ISR,CHE,2,5,2809.0
ISR,CHN,1,2,7141.0
ISR,CYP,1,3,339.0
ISR,CZE,1,4,2635.0
ISR,DEU,6,12,2655.0
ISR,DNK,1,2,3143.0
ISR,EGY,1,1,392.0
ISR,ENG,4,6,3557.0
ISR,ESP,2,6,3082.0
ISR,ETH,1,1,2593.0
ISR,FIN,1,1,3231.0
ISR,FXX,6,10,2735.0
ISR,GEG,1,3,1396.0
ISR,GRC,2,3,971.0
ISR,HKG,1,1,7726.0
ISR,HUN,1,2,2165.0
ISR,IND,1,1,4047.0
ISR,ITA,4,9,2082.0
ISR,JOR,4,7,109.0
ISR,KOR,1,1,8039.0
ISR,LTU,1,1,2627.0
ISR,LVA,1,1,2894.0
ISR,NLX,1,4,3312.0
ISR,POL,2,4,2430.0
ISR,ROU,3,5,1592.0
ISR,RUS,8,10,1495.0
ISR,SRS,1,1,1902.0
ISR,SWE,1,1,3321.0
ISR,THA,1,2,6946.0
ISR,TUR,2,3,1106.0
ISR,UKR,6,7,1643.0
ISR,USA,4,7,9117.0
ISR,UZB,1,1,3212.0
ISR,ZAF,1,1,6504.0
ITA,ALB,10,27,249.0
ITA,ARE,5,8,4340.0
ITA,ARG,1,2,11155.0
ITA,ARM,1,1,2690.0
ITA,AUT,11,28,432.0
ITA,AZE,2,4,3144.0
ITA,BFR,11,27,665.0
ITA,BGD,1,1,7321.0
ITA,BGR,4,7,924.0
ITA,BHF,1,1,698.0
ITA,BLR,2,2,1654.0
ITA,BRA,4,4,7201.0
ITA,BWR,18,18,631.0
ITA,CAN,4,8,6358.0
ITA,CHE,22,38,204.0
ITA,CHN,4,5,8092.0
ITA,CUB,2,2,8289.0
ITA,CYP,1,1,2413.0
ITA,CZE,9,19,518.0
ITA,DEU,142,221,309.0
ITA,DNK,13,21,1120.0
ITA,DOM,2,3,7605.0
ITA,DZA,3,4,962.0
ITA,EGY,3,6,2151.0
ITA,ENG,89,133,880.0
ITA,ESP,90,120,483.0
ITA,EST,1,1,1829.0
ITA,ETH,1,1,4481.0
ITA,FIN,4,5,1950.0
ITA,FXX,82,148,284.0
ITA,GEG,1,1,2698.0
ITA,GRC,17,25,663.0
ITA,HKG,2,2,9283.0
ITA,HRV,4,5,384.0
ITA,HUN,9,11,575.0
ITA,IND,1,2,5933.0
ITA,IRL,15,16,1382.0
ITA,IRN,2,3,3424.0
ITA,ISR,4,9,2082.0
ITA,JOR,1,3,2383.0
ITA,JPN,4,4,9583.0
ITA,KOR,1,2,8966.0
ITA,KWT,1,2,3491.0
ITA,LBN,2,4,2218.0
ITA,LBY,1,2,1019.0
ITA,LKA,1,3,7630.0
ITA,LTU,6,7,1486.0
ITA,LUX,4,7,483.0
ITA,LVA,5,9,1501.0
ITA,MAR,13,17,1713.0
ITA,MDA,7,12,1283.0
ITA,MEX,1,1,8771.0
ITA,MKD,3,3,777.0
ITA,MLT,10,16,186.0
ITA,MNE,1,2,582.0
ITA,MUS,1,1,8850.0
ITA,NGA,1,1,4014.0
ITA,NLX,28,41,717.0
ITA,NOW,12,14,1526.0
ITA,OMN,1,1,5051.0
ITA,PAK,1,1,5504.0
ITA,POL,28,29,803.0
ITA,PRX,10,20,1484.0
ITA,QAT,3,4,4039.0
ITA,ROU,28,34,710.0
ITA,RUS,20,34,1983.0
ITA,SAU,4,8,3363.0
ITA,SCT,8,8,1424.0
ITA,SEN,1,1,4220.0
ITA,SGP,2,2,10053.0
ITA,SRS,2,6,734.0
ITA,SVK,4,4,634.0
ITA,SWE,18,19,1354.0
ITA,THA,2,2,8877.0
ITA,TUN,6,8,292.0
ITA,TUR,11,12,1211.0
ITA,UKR,9,10,993.0
ITA,USA,15,53,6413.0
ITA,UZB,2,2,4130.0
ITA,VEN,1,1,8335.0
JAM,ACA,1,1,1592.0
JAM,BHS,1,1,793.0
JAM,BRB,1,1,1929.0
JAM,CAN,4,12,2804.0
JAM,CUW,1,1,1055.0
JAM,CYM,2,2,373.0
JAM,DEU,1,1,8196.0
JAM,DOM,1,1,754.0
JAM,ENG,2,3,7537.0
JAM,GUY,1,1,2378.0
JAM,NLX,1,1,7898.0
JAM,PAN,2,3,1025.0
JAM,SXM,1,1,1446.0
JAM,TCA,1,1,637.0
JAM,TTO,1,1,1853.0
JAM,USA,22,41,847.0
JEY,CHE,2,2,703.0
JEY,DEU,4,4,677.0
JEY,ENG,16,19,191.0
JEY,FXX,1,1,346.0
JEY,GGY,1,3,39.0
JEY,IRL,2,2,532.0
JEY,NLX,1,1,598.0
JEY,SCT,2,3,754.0
JEY,WLS,1,3,257.0
JOR,ARE,4,9,1998.0
JOR,AUT,1,3,2449.0
JOR,BHR,1,2,1546.0
JOR,CAN,1,3,8897.0
JOR,CHE,2,2,2906.0
JOR,CYP,1,1,414.0
JOR,DEU,3,7,2747.0
JOR,DZA,1,2,3049.0
JOR,EGY,3,5,444.0
JOR,ENG,1,2,3683.0
JOR,ESP,2,4,3189.0
JOR,FXX,1,2,3381.0
JOR,GRC,1,1,1297.0
JOR,IND,2,2,3938.0
JOR,IRK,2,4,889.0
JOR,IRR,3,4,791.0
JOR,ISR,4,7,109.0
JOR,ITA,1,3,2383.0
JOR,KWT,1,3,1180.0
JOR,LBN,1,3,238.0
JOR,LBY,2,6,1483.0
JOR,NGA,1,1,4393.0
JOR,NLX,1,1,3402.0
JOR,OMN,1,2,2368.0
JOR,QAT,1,2,1684.0
JOR,ROU,1,2,1668.0
JOR,RUS,1,2,2638.0
JOR,SAU,4,11,876.0
JOR,SDN,1,1,1827.0
JOR,THA,1,2,6841.0
JOR,TUN,1,1,2427.0
JOR,TUR,2,3,1243.0
JOR,UKR,1,1,2113.0
JOR,USA,2,6,9215.0
JOR,YEM,3,5,1990.0
JPN,ARE,4,8,7577.0
JPN,AUS,6,15,5813.0
JPN,AUT,1,2,9154.0
JPN,CAN,4,10,7503.0
JPN,CHE,1,2,9595.0
JPN,CHN,56,140,789.0
JPN,DEU,6,11,9261.0
JPN,DNK,1,1,8712.0
JPN,ENG,2,8,9591.0
JPN,FIN,3,6,7732.0
JPN,FXX,3,7,9626.0
JPN,GUM,7,19,2509.0
JPN,HKG,8,27,1457.0
JPN,IDN,6,13,5246.0
JPN,IND,2,5,5909.0
JPN,ITA,4,4,9583.0
JPN,KOR,38,104,225.0
JPN,LKA,1,1,6894.0
JPN,MAC,4,6,2084.0
JPN,MEX,1,1,11254.0
JPN,MMR,1,1,4831.0
JPN,MNG,1,1,3061.0
JPN,MNP,2,3,2356.0
JPN,MYS,5,10,4144.0
JPN,NCL,2,2,6976.0
JPN,NLX,3,3,9109.0
JPN,NZL,1,3,8836.0
JPN,PHL,6,15,2324.0
JPN,PLW,1,2,3213.0
JPN,PNX,1,1,5078.0
JPN,PYF,1,2,9445.0
JPN,QAT,2,6,7905.0
JPN,RUS,6,9,464.0
JPN,SGP,5,18,4521.0
JPN,THA,6,22,3725.0
JPN,TUR,2,4,8744.0
JPN,TWN,24,67,313.0
JPN,USA,29,78,6028.0
JPN,UZB,1,1,6042.0
JPN,VNM,10,20,2783.0
KAZ,ARE,5,7,2285.0
KAZ,ARM,1,1,690.0
KAZ,AUT,1,2,3880.0
KAZ,AZE,3,4,387.0
KAZ,BLR,1,1,2914.0
KAZ,CHN,4,7,841.0
KAZ,CZE,1,1,4700.0
KAZ,DEU,2,4,4309.0
KAZ,ENG,2,3,4797.0
KAZ,GEG,2,2,557.0
KAZ,HKG,1,1,4113.0
KAZ,IND,1,1,1644.0
KAZ,IRN,1,1,2381.0
KAZ,KGZ,2,3,210.0
KAZ,KOR,1,2,4172.0
KAZ,MYS,1,1,5130.0
KAZ,NLX,2,2,3370.0
KAZ,RUS,35,38,301.0
KAZ,THA,1,1,4000.0
KAZ,TJK,1,3,872.0
KAZ,TUR,5,7,1846.0
KAZ,UKR,2,4,2823.0
KAZ,UZB,2,4,679.0
KAZ,VNM,1,1,4606.0
KEN,AGO,1,1,2753.0
KEN,ARE,4,9,3443.0
KEN,BDI,1,2,874.0
KEN,BFR,1,4,6567.0
KEN,BWA,1,1,2842.0
KEN,CHE,1,3,6084.0
KEN,CHN,1,2,8679.0
KEN,CIV,1,1,4596.0
KEN,CMR,2,2,2875.0
KEN,COD,2,4,1543.0
KEN,COG,1,2,2429.0
KEN,COM,1,1,927.0
KEN,DEU,1,1,6707.0
KEN,DJI,1,2,1588.0
KEN,EGY,1,1,3545.0
KEN,ENG,1,3,6841.0
KEN,ERI,1,1,1860.0
KEN,ETH,2,6,1164.0
KEN,FXX,1,2,6495.0
KEN,GHA,1,1,4191.0
KEN,IND,2,3,4533.0
KEN,KOR,1,2,10055.0
KEN,MDG,1,1,2258.0
KEN,MLI,1,1,5186.0
KEN,MOZ,3,4,1357.0
KEN,MUS,1,2,3098.0
KEN,MWI,2,4,1429.0
KEN,MYT,1,3,1574.0
KEN,NGA,1,1,3832.0
KEN,NLX,1,3,6677.0
KEN,QAT,1,1,3353.0
KEN,RWA,2,5,758.0
KEN,SAU,1,2,2569.0
KEN,SDN,1,1,1941.0
KEN,SDS,1,2,908.0
KEN,SOL,2,2,972.0
KEN,SOP,1,1,1475.0
KEN,SOX,2,4,580.0
KEN,SYC,1,1,2098.0
KEN,THA,1,3,7224.0
KEN,TUR,2,3,4808.0
KEN,TZA,5,13,235.0
KEN,TZZ,2,4,247.0
KEN,UGA,1,3,521.0
KEN,YEM,1,1,2032.0
KEN,ZAF,1,2,2912.0
KEN,ZMB,3,9,1586.0
KEN,ZWE,1,3,1954.0
KGZ,ARE,1,1,2635.0
KGZ,CHN,2,5,1052.0
KGZ,KAZ,2,3,210.0
KGZ,MNG,1,1,2554.0
KGZ,RUS,22,51,1454.0
KGZ,TJK,1,2,692.0
KGZ,TUR,3,5,3660.0
KGZ,UZB,1,2,473.0
KHM,CHN,7,10,1280.0
KHM,HKG,2,2,1456.0
KHM,KOR,3,8,3490.0
KHM,LAO,3,5,286.0
KHM,MMR,1,1,1112.0
KHM,MYS,2,4,1038.0
KHM,PHL,1,1,1860.0
KHM,SGP,2,9,1138.0
KHM,THA,4,8,333.0
KHM,TWN,2,3,2238.0
KHM,VNM,5,14,213.0
KIR,FJI,2,3,2179.0
KIR,MHL,1,1,665.0
KIR,NRU,1,1,725.0
KIR,USA,1,2,2151.0
KNA,ACA,2,4,85.0
KNA,BHS,1,1,1752.0
KNA,PRI,2,4,369.0
KNA,SXM,2,3,91.0
KNA,USA,1,2,2044.0
KNA,VIR,1,1,282.0
KOR,ARE,2,5,6729.0
KOR,AUS,2,5,7730.0
KOR,AUT,1,1,8248.0
KOR,CAN,2,4,8200.0
KOR,CHN,68,151,448.0
KOR,CZE,1,2,8237.0
KOR,DEU,2,4,8500.0
KOR,ENG,1,3,8861.0
KOR,ESP,1,1,9965.0
KOR,FIN,1,1,7032.0
KOR,FJI,1,1,8131.0
KOR,FXX,1,3,8927.0
KOR,GUM,2,4,2889.0
KOR,HKG,3,16,1752.0
KOR,IDN,2,6,5264.0
KOR,IND,2,3,4652.0
KOR,ISR,1,1,8039.0
KOR,ITA,1,2,8876.0
KOR,JPN,38,105,225.0
KOR,KAZ,1,2,4172.0
KOR,KEN,1,2,10055.0
KOR,KHM,3,8,3490.0
KOR,LAO,1,2,3179.0
KOR,LKA,1,1,5768.0
KOR,MAC,3,6,1894.0
KOR,MMR,1,3,3742.0
KOR,MNG,1,2,1971.0
KOR,MNP,2,2,2789.0
KOR,MYS,3,8,3661.0
KOR,NLX,1,2,8552.0
KOR,NPL,1,1,3966.0
KOR,NZL,1,1,9656.0
KOR,PHL,7,26,2431.0
KOR,PLW,1,2,3445.0
KOR,QAT,1,2,7052.0
KOR,RUS,6,14,816.0
KOR,SAU,1,1,7492.0
KOR,SGP,1,5,4627.0
KOR,THA,4,21,3382.0
KOR,TUR,1,3,7923.0
KOR,TWN,6,18,1067.0
KOR,USA,12,39,7353.0
KOR,UZB,1,3,4844.0
KOR,VNM,5,13,2684.0
KOS,AUT,1,1,708.0
KOS,CHE,2,4,1120.0
KOS,DEU,7,9,965.0
KOS,DNK,1,1,1571.0
KOS,ENG,1,1,1865.0
KOS,FXX,1,1,1196.0
KOS,HRV,1,1,530.0
KOS,SVN,1,1,661.0
KOS,TUR,2,2,654.0
KWT,AFG,1,1,2087.0
KWT,ARE,4,11,850.0
KWT,BGD,2,3,4241.0
KWT,BHR,1,4,420.0
KWT,DEU,1,2,4021.0
KWT,EGY,6,16,1332.0
KWT,ENG,1,3,4675.0
KWT,ETH,1,3,2446.0
KWT,IND,8,9,2550.0
KWT,IRN,7,11,247.0
KWT,IRR,1,2,459.0
KWT,ITA,1,2,3491.0
KWT,JOR,1,3,1180.0
KWT,LBN,1,3,1287.0
KWT,LKA,1,3,4142.0
KWT,MYS,1,1,6381.0
KWT,NLX,1,3,4355.0
KWT,OMN,1,2,1202.0
KWT,PAK,4,6,2286.0
KWT,QAT,1,3,568.0
KWT,SAU,5,18,355.0
KWT,THA,1,1,5678.0
KWT,TUN,1,1,3594.0
KWT,TUR,2,6,2130.0
KWT,USA,2,2,10202.0
KWT,YEM,1,1,1626.0
LAO,CHN,4,5,273.0
LAO,KHM,3,5,286.0
LAO,KOR,1,2,3179.0
LAO,MYS,1,1,1697.0
LAO,SGP,1,1,1857.0
LAO,THA,4,10,358.0
LAO,VNM,4,6,338.0
LBN,ARE,4,6,2129.0
LBN,ARM,1,1,1058.0
LBN,BFR,1,1,3139.0
LBN,BHR,1,1,1679.0
LBN,BLR,1,1,2306.0
LBN,CHE,1,1,2834.0
LBN,CYP,1,2,207.0
LBN,DEU,2,3,2705.0
LBN,DZA,1,1,2934.0
LBN,EGY,2,3,563.0
LBN,ENG,1,2,3482.0
LBN,ETH,1,1,2783.0
LBN,FXX,1,2,3187.0
LBN,GHA,1,1,4830.0
LBN,GRC,1,1,1135.0
LBN,IRK,1,2,817.0
LBN,IRN,2,2,1443.0
LBN,IRR,3,3,813.0
LBN,ITA,2,4,2218.0
LBN,JOR,1,3,238.0
LBN,KWT,1,3,1287.0
LBN,MAR,1,1,3960.0
LBN,NGA,2,2,3650.0
LBN,OMN,1,1,2489.0
LBN,QAT,1,2,1823.0
LBN,ROU,1,2,1442.0
LBN,RUS,1,2,2468.0
LBN,SAU,4,7,1108.0
LBN,TUN,1,2,2309.0
LBN,TUR,2,3,957.0
LBN,YEM,1,1,2220.0
LBR,BFR,1,3,5154.0
LBR,CIV,1,1,720.0
LBR,GHA,2,5,1130.0
LBR,MAR,1,1,3031.0
LBR,NGA,1,1,1512.0
LBR,SLE,2,7,373.0
LBY,ARE,1,1,4160.0
LBY,DZA,1,2,1013.0
LBY,EGY,5,10,559.0
LBY,ENG,2,3,2365.0
LBY,ESP,1,1,1723.0
LBY,ITA,1,2,1019.0
LBY,JOR,2,6,1483.0
LBY,MAR,2,5,1933.0
LBY,MLT,2,3,375.0
LBY,SAU,2,2,2197.0
LBY,TUN,9,22,259.0
LBY,TUR,2,6,1269.0
LCA,ACA,2,2,357.0
LCA,BRB,2,2,174.0
LCA,CAN,1,2,3775.0
LCA,DMA,1,1,173.0
LCA,ENG,1,3,6800.0
LCA,GRD,1,3,212.0
LCA,MTQ,1,5,63.0
LCA,TTO,2,4,351.0
LCA,USA,5,7,2422.0
LCA,VCT,1,1,98.0
LKA,ARE,4,12,3280.0
LKA,BGD,1,2,2166.0
LKA,BHR,1,2,3752.0
LKA,CHN,5,5,3156.0
LKA,DEU,1,1,8066.0
LKA,ENG,1,1,8715.0
LKA,FXX,1,1,8483.0
LKA,IDN,1,2,3318.0
LKA,IND,8,22,355.0
LKA,ITA,1,3,7630.0
LKA,JPN,1,1,6894.0
LKA,KOR,1,1,5768.0
LKA,KWT,1,3,4142.0
LKA,MDV,2,11,778.0
LKA,MYS,1,4,2467.0
LKA,OMN,1,3,2940.0
LKA,PAK,1,2,2391.0
LKA,QAT,1,2,3613.0
LKA,RUS,1,1,6511.0
LKA,SAU,4,11,3835.0
LKA,SGP,1,5,2750.0
LKA,SYC,1,2,3008.0
LKA,THA,1,4,2392.0
LSO,ZAF,1,1,376.0
LTU,AUT,1,1,943.0
LTU,BFR,1,4,1454.0
LTU,BLR,1,1,197.0
LTU,BWR,1,1,1477.0
LTU,CYP,1,1,2343.0
LTU,CZE,1,1,901.0
LTU,DEU,6,7,823.0
LTU,DNK,2,3,529.0
LTU,ENG,9,9,1609.0
LTU,ESP,3,4,2258.0
LTU,EST,1,3,532.0
LTU,FIN,1,2,632.0
LTU,FXX,2,3,1674.0
LTU,GEG,1,1,1869.0
LTU,GRC,4,4,2033.0
LTU,IRL,4,4,1967.0
LTU,ISR,1,1,2627.0
LTU,ITA,6,7,1486.0
LTU,LVA,2,2,206.0
LTU,MLT,1,1,2248.0
LTU,NLX,1,1,1372.0
LTU,NOW,8,8,748.0
LTU,POL,1,1,396.0
LTU,RUS,4,4,647.0
LTU,SCT,1,1,1723.0
LTU,SWE,1,2,712.0
LTU,TUR,1,1,1507.0
LTU,UKR,2,2,586.0
LUX,AUT,1,2,776.0
LUX,BGR,1,1,1795.0
LUX,CHE,2,2,296.0
LUX,CPV,1,1,4551.0
LUX,DEU,5,9,80.0
LUX,DNK,1,2,795.0
LUX,ENG,3,4,482.0
LUX,ESP,10,12,980.0
LUX,FXX,6,7,273.0
LUX,GRC,4,4,1551.0
LUX,HRV,1,1,1215.0
LUX,IRL,1,1,959.0
LUX,ITA,5,8,483.0
LUX,MAR,2,2,2327.0
LUX,MLT,1,1,1671.0
LUX,NLX,1,1,315.0
LUX,PMD,1,1,2671.0
LUX,PRX,3,6,1484.0
LUX,SWE,1,1,1342.0
LUX,TUN,1,1,1791.0
LUX,TUR,3,3,1978.0
LVA,AUT,1,2,1099.0
LVA,AZE,1,2,2618.0
LVA,BFR,1,2,1434.0
LVA,BLR,1,2,424.0
LVA,CHE,1,1,1481.0
LVA,CYP,1,1,2557.0
LVA,CZE,1,2,992.0
LVA,DEU,8,14,839.0
LVA,DNK,2,4,713.0
LVA,ENG,5,5,1625.0
LVA,ESP,2,3,2337.0
LVA,EST,1,1,281.0
LVA,FIN,2,3,382.0
LVA,FXX,2,3,1672.0
LVA,GEG,1,2,2260.0
LVA,GRC,2,2,2111.0
LVA,HUN,1,1,1103.0
LVA,IRL,1,1,1943.0
LVA,ISR,1,1,2894.0
LVA,ITA,5,9,1501.0
LVA,LTU,2,2,206.0
LVA,MDA,1,1,1162.0
LVA,MLT,1,1,2448.0
LVA,NLX,2,3,1333.0
LVA,NOW,7,10,819.0
LVA,POL,1,2,563.0
LVA,RUS,5,8,309.0
LVA,SCT,2,2,1573.0
LVA,SWE,2,4,466.0
LVA,TUR,2,2,1773.0
LVA,UKR,1,2,861.0
LVA,USA,1,1,6746.0
LVA,UZB,1,2,3641.0
MAC,CHN,19,46,534.0
MAC,JPN,4,6,2084.0
MAC,KOR,3,6,1894.0
MAC,MYS,1,1,2510.0
MAC,PHL,2,5,1067.0
MAC,SGP,1,1,2535.0
MAC,THA,3,4,1569.0
MAC,TWN,3,8,697.0
MAC,VNM,2,2,811.0
MAF,BLM,1,1,31.0
MAF,GLP,1,3,260.0
MAR,AGO,1,1,5186.0
MAR,ARE,2,4,6053.0
MAR,BEN,1,1,3175.0
MAR,BFA,1,1,2417.0
MAR,BFR,6,14,1865.0
MAR,BRA,1,1,7540.0
MAR,BWR,7,7,1817.0
MAR,CAN,1,1,5674.0
MAR,CHE,4,5,1843.0
MAR,CIV,1,1,3148.0
MAR,CMR,2,2,3726.0
MAR,COD,1,1,4847.0
MAR,COG,2,2,4715.0
MAR,CPV,1,1,2602.0
MAR,DEU,19,21,1861.0
MAR,DNK,1,1,3120.0
MAR,DZA,2,3,686.0
MAR,EGY,1,2,3684.0
MAR,ENG,14,26,1775.0
MAR,ESP,21,42,231.0
MAR,FXX,55,80,1128.0
MAR,GAB,1,1,4067.0
MAR,GIN,1,1,2716.0
MAR,GMB,1,1,2409.0
MAR,GNB,1,1,2525.0
MAR,GNQ,1,1,3702.0
MAR,IRL,1,1,2430.0
MAR,ITA,13,17,1713.0
MAR,LBN,1,1,3960.0
MAR,LBR,1,1,3031.0
MAR,LBY,2,5,1933.0
MAR,LUX,2,2,2327.0
MAR,MLI,1,1,2317.0
MAR,MRT,2,3,1273.0
MAR,NER,1,1,2422.0
MAR,NLX,8,11,2023.0
MAR,NOW,1,1,3469.0
MAR,PRX,3,4,443.0
MAR,QAT,1,1,5734.0
MAR,RUS,1,2,4243.0
MAR,SAU,2,4,4747.0
MAR,SEN,1,1,2299.0
MAR,SLE,1,1,2812.0
MAR,SWE,1,1,3468.0
MAR,TGO,1,1,3160.0
MAR,TUN,1,2,1664.0
MAR,TUR,2,3,3305.0
MAR,USA,1,1,5795.0
MDA,ARE,1,1,3372.0
MDA,AUT,1,1,936.0
MDA,CYP,1,1,1396.0
MDA,DEU,2,2,1291.0
MDA,ENG,1,1,2133.0
MDA,FXX,1,1,1997.0
MDA,GRC,1,1,1080.0
MDA,IRL,1,1,2579.0
MDA,ITA,7,12,1283.0
MDA,LVA,1,1,1162.0
MDA,PRX,1,1,3198.0
MDA,ROU,1,3,343.0
MDA,RUS,4,5,946.0
MDA,TUR,1,2,629.0
MDA,UKR,1,1,406.0
MDG,COM,1,1,925.0
MDG,FXX,3,5,8152.0
MDG,KEN,1,1,2258.0
MDG,MUS,1,2,1084.0
MDG,MYT,4,5,333.0
MDG,REU,5,7,712.0
MDG,THA,1,2,6862.0
MDG,ZAF,1,2,2135.0
MDV,ARE,3,4,3025.0
MDV,CHN,3,4,4770.0
MDV,DEU,1,1,7884.0
MDV,ENG,1,1,8514.0
MDV,HKG,1,2,4789.0
MDV,IND,4,5,456.0
MDV,ITA,1,1,7735.0
MDV,LKA,3,13,778.0
MDV,MYS,1,1,3132.0
MDV,OMN,1,1,2707.0
MDV,QAT,1,1,3312.0
MDV,RUS,2,2,6563.0
MDV,SGP,1,2,3398.0
MDV,THA,1,1,3166.0
MDV,TUR,1,1,6063.0
MEX,ARG,2,2,6895.0
MEX,BLZ,2,2,404.0
MEX,BRA,1,2,7433.0
MEX,CAN,17,30,2605.0
MEX,CHL,2,3,6288.0
MEX,CHN,1,1,10619.0
MEX,COL,2,6,2278.0
MEX,CRI,1,3,1910.0
MEX,CUB,2,5,509.0
MEX,DEU,4,4,8444.0
MEX,ECU,1,1,3136.0
MEX,ENG,3,12,7795.0
MEX,ESP,2,8,7962.0
MEX,FXX,2,4,8219.0
MEX,GTM,2,3,200.0
MEX,HND,1,1,1262.0
MEX,ITA,2,3,8771.0
MEX,JPN,1,2,8954.0
MEX,NLX,2,2,8281.0
MEX,PAN,4,8,1554.0
MEX,PER,2,4,3828.0
MEX,RUS,1,1,10006.0
MEX,SLV,2,3,876.0
MEX,USA,164,373,448.0
MEX,VEN,1,1,3576.0
MHL,FSM,2,2,646.0
MHL,KIR,1,1,665.0
MHL,NRU,1,1,974.0
MHL,USA,1,1,3668.0
MKD,ARE,1,1,3601.0
MKD,AUT,1,1,790.0
MKD,BWR,1,1,1618.0
MKD,CHE,1,2,1198.0
MKD,DEU,5,5,1116.0
MKD,ENG,1,1,1989.0
MKD,HRV,1,1,612.0
MKD,ITA,3,3,777.0
MKD,NLX,1,1,1621.0
MKD,SRS,1,1,335.0
MKD,SVN,1,1,742.0
MKD,SWE,3,3,1623.0
MKD,TUR,2,2,597.0
MLI,BEN,1,3,1325.0
MLI,BFA,1,3,699.0
MLI,CIV,1,3,921.0
MLI,DZA,1,1,2908.0
MLI,ETH,1,2,5116.0
MLI,FXX,2,2,4135.0
MLI,GIN,1,2,700.0
MLI,KEN,1,1,5186.0
MLI,MAR,1,1,2317.0
MLI,MRT,1,1,1073.0
MLI,NGA,1,1,1402.0
MLI,PRX,1,1,2921.0
MLI,SEN,1,5,1060.0
MLI,TGO,1,1,1233.0
MLI,TUN,1,1,3255.0
MLT,AUT,1,4,1373.0
MLT,BFR,1,2,1854.0
MLT,CHE,2,3,1349.0
MLT,CYP,1,2,1737.0
MLT,CZE,1,2,1584.0
MLT,DEU,5,8,1407.0
MLT,DNK,2,2,2202.0
MLT,DZA,1,1,1013.0
MLT,ENG,14,23,2063.0
MLT,ESP,3,4,1215.0
MLT,FXX,6,11,1156.0
MLT,GRC,1,1,873.0
MLT,HUN,1,2,1346.0
MLT,IRL,1,1,2532.0
MLT,ITA,10,15,186.0
MLT,LBY,2,4,375.0
MLT,LTU,1,1,2248.0
MLT,LUX,1,1,1671.0
MLT,LVA,1,1,2448.0
MLT,NIR,1,1,2624.0
MLT,NLX,2,3,1879.0
MLT,NOW,2,2,2629.0
MLT,POL,2,2,1638.0
MLT,RUS,3,4,2808.0
MLT,SCT,3,3,2609.0
MLT,SWE,3,3,2445.0
MLT,TUN,2,2,364.0
MLT,TUR,2,4,1377.0
MLT,WLS,1,1,2233.0
MMR,BGD,1,1,975.0
MMR,CHN,6,8,804.0
MMR,HKG,1,1,1955.0
MMR,IND,1,1,1027.0
MMR,JPN,1,1,4831.0
MMR,KHM,1,1,1112.0
MMR,KOR,1,3,3742.0
MMR,MYS,1,3,1688.0
MMR,QAT,1,1,4691.0
MMR,SGP,1,6,1932.0
MMR,THA,6,12,364.0
MMR,TWN,1,1,2754.0
MMR,VNM,2,2,1124.0
MNE,AUT,1,2,673.0
MNE,BFR,1,1,1436.0
MNE,BWR,1,1,1444.0
MNE,CHE,1,1,1015.0
MNE,DEU,2,2,1183.0
MNE,ENG,2,2,1730.0
MNE,FXX,2,2,1451.0
MNE,ITA,1,2,582.0
MNE,RUS,3,7,1979.0
MNE,SRS,2,4,286.0
MNE,SVN,1,2,574.0
MNE,TUR,1,1,796.0
MNG,CHN,3,4,253.0
MNG,HKG,1,2,2910.0
MNG,JPN,1,1,3061.0
MNG,KGZ,1,1,2554.0
MNG,KOR,1,2,1971.0
MNG,RUS,1,2,4635.0
MNG,THA,1,1,3839.0
MNP,CHN,3,3,3014.0
MNP,GUM,2,2,91.0
MNP,JPN,3,3,2356.0
MNP,KOR,2,2,2789.0
MOZ,AGO,1,1,2787.0
MOZ,ETH,1,1,3939.0
MOZ,KEN,3,4,1357.0
MOZ,PRX,1,1,8400.0
MOZ,TZA,1,1,695.0
MOZ,ZAF,9,15,433.0
MRT,ESP,2,3,796.0
MRT,FXX,1,1,3797.0
MRT,GIN,1,1,1004.0
MRT,MAR,2,3,1273.0
MRT,MLI,1,1,1073.0
MRT,SEN,1,3,429.0
MRT,TUN,1,1,3284.0
MTQ,BRB,1,1,235.0
MTQ,CAN,1,1,3636.0
MTQ,CUB,1,1,2435.0
MTQ,DOM,1,2,1017.0
MTQ,FXX,2,4,6852.0
MTQ,GLP,1,4,195.0
MTQ,GUF,1,2,1441.0
MTQ,LCA,1,4,63.0
MTQ,PRI,1,2,683.0
MTQ,USA,1,2,2362.0
MUS,ARE,1,2,5086.0
MUS,AUS,1,1,5886.0
MUS,CHN,2,2,8922.0
MUS,DEU,1,1,9200.0
MUS,ENG,2,3,9748.0
MUS,FXX,2,3,9436.0
MUS,HKG,1,1,7734.0
MUS,IND,3,6,4333.0
MUS,ITA,1,1,8349.0
MUS,KEN,1,2,3098.0
MUS,MDG,1,2,1084.0
MUS,MYS,1,2,5447.0
MUS,REU,2,7,232.0
MUS,RUS,1,1,8671.0
MUS,SYC,1,1,1768.0
MUS,ZAF,3,5,2856.0
MWI,ETH,1,1,2774.0
MWI,KEN,2,4,1429.0
MWI,TZA,1,1,970.0
MWI,ZAF,2,3,1356.0
MWI,ZMB,1,5,598.0
MWI,ZWE,1,1,543.0
MYS,ARE,3,7,5549.0
MYS,AUS,8,14,3636.0
MYS,BGD,2,6,2418.0
MYS,BRN,3,7,101.0
MYS,CHN,16,29,1873.0
MYS,DEU,1,3,9998.0
MYS,ENG,1,2,10605.0
MYS,FXX,1,3,10442.0
MYS,HKG,3,11,1835.0
MYS,IDN,27,47,100.0
MYS,IND,9,22,2629.0
MYS,IRN,1,2,6336.0
MYS,JPN,5,10,4144.0
MYS,KAZ,1,1,5130.0
MYS,KHM,2,4,1038.0
MYS,KOR,3,8,3661.0
MYS,KWT,1,1,6381.0
MYS,LAO,1,1,1697.0
MYS,LKA,1,4,2467.0
MYS,MAC,1,1,2510.0
MYS,MDV,1,1,3132.0
MYS,MMR,1,3,1688.0
MYS,MUS,1,2,5447.0
MYS,NLX,1,3,10237.0
MYS,NPL,1,3,3273.0
MYS,NZL,1,1,8703.0
MYS,OMN,1,2,5209.0
MYS,PAK,3,3,4291.0
MYS,PHL,6,9,518.0
MYS,PRK,1,1,4725.0
MYS,QAT,1,2,5909.0
MYS,SAU,3,6,6377.0
MYS,SGP,12,39,283.0
MYS,THA,13,33,381.0
MYS,TUR,1,2,8387.0
MYS,TWN,3,7,2199.0
MYS,UZB,1,2,5369.0
MYS,VNM,2,6,1050.0
MYT,COM,1,5,260.0
MYT,MDG,4,7,333.0
MYT,REU,1,2,1411.0
MYT,TZA,1,1,937.0
NAM,AGO,2,3,935.0
NAM,BWA,1,1,678.0
NAM,DEU,1,1,8111.0
NAM,GHA,1,1,3665.0
NAM,ZAF,4,9,1165.0
NAM,ZMB,1,2,1401.0
NAM,ZWE,2,2,999.0
NCL,AUS,2,4,1450.0
NCL,FJI,1,1,1266.0
NCL,JPN,2,2,6976.0
NCL,NZL,1,2,1860.0
NCL,PYF,1,1,4634.0
NCL,VUT,1,2,528.0
NCL,WLF,1,1,2101.0
NER,BEN,1,1,792.0
NER,BFA,1,8,420.0
NER,DZA,1,1,2583.0
NER,ETH,1,1,4021.0
NER,FXX,1,3,3951.0
NER,MAR,1,1,2422.0
NER,NGA,1,1,745.0
NER,TCD,1,1,1401.0
NFK,AUS,2,2,1463.0
NFK,NZL,1,1,1091.0
NGA,ARE,2,2,5808.0
NGA,BEN,2,3,106.0
NGA,CIV,1,4,815.0
NGA,CMR,1,2,764.0
NGA,DEU,2,4,4564.0
NGA,EGY,3,3,3098.0
NGA,ENG,2,4,4774.0
NGA,ESP,1,1,3831.0
NGA,ETH,3,3,3452.0
NGA,FXX,2,4,4470.0
NGA,GAB,1,1,959.0
NGA,GHA,2,6,401.0
NGA,GNQ,2,2,605.0
NGA,JOR,1,1,4393.0
NGA,KEN,1,1,3832.0
NGA,LBN,2,2,3650.0
NGA,LBR,1,1,1512.0
NGA,MAR,1,1,3184.0
NGA,MLI,1,1,1402.0
NGA,NER,1,1,745.0
NGA,NLX,1,1,5087.0
NGA,QAT,1,1,5528.0
NGA,RWA,1,1,3125.0
NGA,SAU,1,1,3423.0
NGA,SDN,1,1,2623.0
NGA,SEN,1,1,2446.0
NGA,SLE,1,1,1834.0
NGA,TCD,2,2,708.0
NGA,TGO,2,2,233.0
NGA,TUR,1,1,4606.0
NGA,USA,3,3,8444.0
NGA,ZAF,1,2,4524.0
NIC,CRI,1,4,321.0
NIC,GTM,1,1,544.0
NIC,PAN,1,2,816.0
NIC,SLV,1,2,345.0
NIC,USA,4,6,1638.0
NIR,CYP,1,1,3760.0
NIR,ENG,20,23,265.0
NIR,ESP,10,15,1598.0
NIR,FXX,2,2,869.0
NIR,HRV,1,1,2228.0
NIR,IMN,1,1,100.0
NIR,MLT,1,1,2624.0
NIR,NLX,1,1,771.0
NIR,POL,1,1,1825.0
NIR,PRX,3,4,1964.0
NIR,SCT,7,7,167.0
NIR,TUN,1,1,2428.0
NIR,TUR,1,1,3318.0
NIR,USA,1,2,5099.0
NIR,WLS,1,1,396.0
NIU,NZL,1,1,2487.0
NLX,ABW,1,2,7878.0
NLX,AGO,1,1,6849.0
NLX,ARE,2,10,5169.0
NLX,ARG,1,1,11462.0
NLX,AUT,4,5,635.0
NLX,BFR,1,1,158.0
NLX,BGR,2,2,1670.0
NLX,BLR,1,1,1556.0
NLX,BRA,2,2,9560.0
NLX,CAN,4,10,5503.0
NLX,CHE,3,6,603.0
NLX,CHN,6,13,7827.0
NLX,CPV,1,1,4730.0
NLX,CUB,3,3,7597.0
NLX,CUW,1,2,7834.0
NLX,CYP,2,3,2938.0
NLX,CZE,2,5,705.0
NLX,DEU,14,25,178.0
NLX,DNK,4,11,477.0
NLX,DOM,2,2,7245.0
NLX,ECU,1,2,9552.0
NLX,EGY,1,2,3287.0
NLX,ENG,21,44,239.0
NLX,ESP,43,68,1028.0
NLX,EST,1,2,1472.0
NLX,FIN,1,4,1521.0
NLX,FXX,18,34,398.0
NLX,GEG,1,2,3220.0
NLX,GGY,1,1,607.0
NLX,GHA,1,1,5213.0
NLX,GRC,20,21,1731.0
NLX,HKG,1,2,9274.0
NLX,HRV,3,3,1099.0
NLX,HUN,4,4,1097.0
NLX,IND,2,3,6363.0
NLX,IRK,1,1,3535.0
NLX,IRL,4,4,750.0
NLX,IRN,1,1,4076.0
NLX,ISL,1,1,2038.0
NLX,ISR,1,4,3312.0
NLX,ITA,28,42,717.0
NLX,JEY,1,1,598.0
NLX,JOR,1,1,3402.0
NLX,JPN,3,3,9109.0
NLX,KAZ,2,2,3370.0
NLX,KEN,1,3,6677.0
NLX,KOR,1,2,8552.0
NLX,KWT,1,3,4355.0
NLX,LTU,1,1,1372.0
NLX,LUX,1,1,315.0
NLX,LVA,2,3,1333.0
NLX,MAR,7,10,2023.0
NLX,MEX,1,1,9206.0
NLX,MKD,1,1,1621.0
NLX,MLT,2,3,1879.0
NLX,MYS,1,3,10237.0
NLX,NGA,1,1,5087.0
NLX,NIR,1,1,771.0
NLX,NLY,1,1,7792.0
NLX,NOW,7,15,688.0
NLX,PAN,1,2,8813.0
NLX,PAZ,1,1,2857.0
NLX,PER,1,2,10520.0
NLX,PMD,1,1,2784.0
NLX,POL,8,9,935.0
NLX,PRX,10,21,1543.0
NLX,QAT,1,3,4923.0
NLX,ROU,3,4,1425.0
NLX,RUS,2,4,1773.0
NLX,RWA,1,3,6487.0
NLX,SAU,1,3,4705.0
NLX,SCT,4,7,666.0
NLX,SGP,1,2,10514.0
NLX,SRS,2,3,1327.0
NLX,SUR,1,2,7524.0
NLX,SVN,1,1,974.0
NLX,SWE,4,7,764.0
NLX,SXM,1,1,6933.0
NLX,THA,1,3,9208.0
NLX,TUN,1,1,1771.0
NLX,TUR,17,24,2169.0
NLX,TWN,1,2,9443.0
NLX,TZA,1,3,6901.0
NLX,UKR,1,2,1819.0
NLX,USA,16,39,5547.0
NLX,WLS,1,2,566.0
NLX,ZAF,2,3,9017.0
NLX,ZWE,1,3,8215.0
NLY,ABW,1,1,194.0
NLY,CUW,1,4,75.0
NLY,NLX,1,2,7792.0
NLY,SXM,2,2,46.0
NLY,USA,3,3,2899.0
NOW,AUT,1,2,1382.0
NOW,BFR,1,2,1104.0
NOW,BGR,1,1,2248.0
NOW,BWR,1,1,1070.0
NOW,CHE,2,3,1417.0
NOW,CYP,1,1,3244.0
NOW,CZE,2,3,1132.0
NOW,DEU,15,26,725.0
NOW,DNK,15,29,318.0
NOW,ENG,19,29,616.0
NOW,ESP,35,52,1971.0
NOW,EST,3,6,774.0
NOW,FIN,1,3,767.0
NOW,FRO,2,2,697.0
NOW,FXX,11,15,1115.0
NOW,GRC,8,11,2263.0
NOW,HRV,9,9,1624.0
NOW,HUN,1,1,1508.0
NOW,IRL,2,3,1236.0
NOW,ISL,4,6,1489.0
NOW,ITA,12,14,1526.0
NOW,LTU,8,8,748.0
NOW,LVA,7,10,819.0
NOW,MAR,1,1,3469.0
NOW,MLT,2,2,2629.0
NOW,NLX,7,15,688.0
NOW,NSV,2,3,958.0
NOW,PAK,1,1,5283.0
NOW,POL,30,31,685.0
NOW,PRX,2,3,2761.0
NOW,QAT,1,1,4956.0
NOW,ROU,1,1,1944.0
NOW,RUS,3,4,553.0
NOW,SCT,8,13,497.0
NOW,SRS,2,2,1735.0
NOW,SVK,1,1,1387.0
NOW,SWE,9,13,282.0
NOW,THA,1,3,8675.0
NOW,TUR,6,7,2421.0
NOW,UKR,1,1,1651.0
NOW,USA,4,5,5604.0
NPL,ARE,4,4,2974.0
NPL,BGD,1,4,662.0
NPL,BTN,1,1,402.0
NPL,CHN,4,4,571.0
NPL,HKG,1,1,2932.0
NPL,IND,4,8,352.0
NPL,KOR,1,1,3966.0
NPL,MYS,1,3,3273.0
NPL,OMN,1,1,2746.0
NPL,PAK,1,1,1839.0
NPL,QAT,1,2,3360.0
NPL,SGP,1,2,3538.0
NPL,THA,1,2,2230.0
NPL,TUR,1,1,5305.0
NRU,AUS,1,1,3328.0
NRU,KIR,1,1,725.0
NRU,MHL,1,1,974.0
NSV,NOW,2,3,958.0
NZL,AUS,15,64,1939.0
NZL,CHL,1,2,9653.0
NZL,CHN,2,3,9300.0
NZL,COK,1,2,3013.0
NZL,FJI,1,3,2156.0
NZL,HKG,1,2,9170.0
NZL,JPN,1,3,8836.0
NZL,KOR,1,1,9656.0
NZL,MYS,1,1,8703.0
NZL,NCL,1,2,1860.0
NZL,PYF,1,4,4093.0
NZL,SGP,2,5,8403.0
NZL,THA,1,2,9555.0
NZL,TON,1,2,2004.0
NZL,USA,2,4,10487.0
NZL,VUT,1,2,2239.0
NZL,WSM,1,2,2891.0
OMN,ARE,6,20,340.0
OMN,BGD,2,4,3262.0
OMN,BHR,1,3,827.0
OMN,CHE,1,2,5109.0
OMN,DEU,2,2,4902.0
OMN,EGY,1,2,2756.0
OMN,ENG,1,1,5834.0
OMN,ETH,1,2,2633.0
OMN,FXX,1,1,5578.0
OMN,IND,13,24,1466.0
OMN,IRN,3,3,296.0
OMN,ITA,1,1,5051.0
OMN,JOR,1,2,2368.0
OMN,KWT,1,2,1202.0
OMN,LBN,1,1,2489.0
OMN,LKA,1,3,2940.0
OMN,MDV,1,1,2707.0
OMN,MYS,1,2,5209.0
OMN,NPL,1,1,2746.0
OMN,PAK,7,14,448.0
OMN,QAT,2,6,701.0
OMN,SAU,5,7,913.0
OMN,THA,1,1,4590.0
OMN,TUR,1,2,3371.0
OMN,TZZ,1,1,3908.0
PAK,AFG,3,4,221.0
PAK,ARE,21,51,756.0
PAK,BGD,1,1,2354.0
PAK,BHR,5,6,1663.0
PAK,CAN,3,3,10984.0
PAK,CHN,3,4,1708.0
PAK,DNK,1,1,5155.0
PAK,ENG,7,7,6054.0
PAK,ESP,2,2,6136.0
PAK,FXX,1,1,5896.0
PAK,IND,3,3,419.0
PAK,IRN,3,3,950.0
PAK,ITA,2,2,5504.0
PAK,KWT,4,6,2286.0
PAK,LKA,1,2,2391.0
PAK,MYS,3,3,4291.0
PAK,NOW,1,1,5551.0
PAK,NPL,1,1,1839.0
PAK,OMN,7,13,448.0
PAK,QAT,4,6,1566.0
PAK,SAU,19,39,1747.0
PAK,THA,3,4,3337.0
PAK,TUR,3,3,3944.0
PAN,ABW,1,1,1092.0
PAN,ARG,2,2,4774.0
PAN,BHS,1,1,1787.0
PAN,BOL,1,1,3466.0
PAN,BRA,7,7,2531.0
PAN,CAN,1,1,3848.0
PAN,CHL,1,1,4809.0
PAN,COL,9,10,451.0
PAN,CRI,4,7,227.0
PAN,CUB,1,2,1581.0
PAN,CUW,1,1,1191.0
PAN,DOM,3,4,1477.0
PAN,ECU,2,3,1029.0
PAN,ESP,1,1,8157.0
PAN,FXX,1,1,8660.0
PAN,GTM,1,1,1358.0
PAN,HND,2,2,1018.0
PAN,HTI,1,2,1305.0
PAN,JAM,2,2,1025.0
PAN,MEX,4,8,1554.0
PAN,NIC,1,2,816.0
PAN,NLX,1,2,8813.0
PAN,PER,2,2,1580.0
PAN,PRI,1,1,1780.0
PAN,PRY,1,1,4490.0
PAN,SLV,1,2,1161.0
PAN,SXM,1,1,2020.0
PAN,TTO,1,2,1984.0
PAN,URY,1,1,5466.0
PAN,USA,14,30,1862.0
PAN,VEN,4,6,855.0
PAZ,CAN,1,2,4513.0
PAZ,DEU,2,2,2947.0
PAZ,ENG,1,1,2493.0
PAZ,FXX,1,1,2561.0
PAZ,NLX,1,1,2857.0
PAZ,PMD,1,3,985.0
PAZ,PRX,5,10,1449.0
PAZ,SWE,1,1,3910.0
PAZ,USA,1,2,3844.0
PER,ARG,2,4,2522.0
PER,BOL,4,8,362.0
PER,BRA,4,10,2812.0
PER,CAN,1,1,6199.0
PER,CHL,2,7,1453.0
PER,COL,3,4,1733.0
PER,CRI,1,1,2570.0
PER,CUB,1,2,3936.0
PER,DOM,2,2,3483.0
PER,ECU,2,6,1139.0
PER,ESP,1,3,9526.0
PER,FXX,1,2,10276.0
PER,MEX,2,4,3828.0
PER,NLX,1,2,10520.0
PER,PAN,2,2,1580.0
PER,PRY,1,1,2528.0
PER,SLV,1,1,3123.0
PER,URY,1,1,3310.0
PER,USA,8,21,4219.0
PER,VEN,1,2,2753.0
PHL,ARE,3,7,6906.0
PHL,AUS,3,4,3185.0
PHL,BHR,1,2,7370.0
PHL,BRN,1,2,1255.0
PHL,CAN,1,1,10554.0
PHL,CHN,4,13,1156.0
PHL,ENG,1,1,10767.0
PHL,GUM,1,2,2567.0
PHL,HKG,4,11,1056.0
PHL,IDN,2,5,2665.0
PHL,JPN,6,15,2324.0
PHL,KHM,1,1,1860.0
PHL,KOR,7,27,2431.0
PHL,MAC,2,5,1067.0
PHL,MYS,6,9,518.0
PHL,PLW,1,1,1675.0
PHL,PNX,2,2,3382.0
PHL,QAT,2,3,7209.0
PHL,SAU,3,5,7451.0
PHL,SGP,6,17,2299.0
PHL,THA,3,6,2139.0
PHL,TWN,3,9,900.0
PHL,USA,3,3,8520.0
PHL,VNM,2,4,1611.0
PLW,FSM,1,1,456.0
PLW,GUM,1,1,1311.0
PLW,JPN,1,3,3213.0
PLW,KOR,1,2,3445.0
PLW,PHL,1,1,1675.0
PLW,TWN,1,2,2424.0
PMD,AUT,1,4,3265.0
PMD,BFR,1,1,2664.0
PMD,CHE,1,2,2688.0
PMD,CZE,1,1,3194.0
PMD,DEU,10,15,2798.0
PMD,ENG,6,11,2371.0
PMD,ESP,1,2,546.0
PMD,FXX,2,2,2391.0
PMD,LUX,1,1,2671.0
PMD,NLX,1,1,2784.0
PMD,PAZ,1,3,985.0
PMD,PRX,3,10,908.0
PMD,SCT,1,1,2748.0
PMD,VEN,1,1,5676.0
PNB,PNX,2,3,281.0
PNX,AUS,4,9,843.0
PNX,FJI,1,1,3389.0
PNX,HKG,1,1,5064.0
PNX,IDN,1,1,3519.0
PNX,JPN,1,1,5078.0
PNX,PHL,2,2,3382.0
PNX,PNB,3,4,281.0
PNX,SGP,1,1,4935.0
PNX,SLB,1,1,1408.0
POL,ARE,1,2,4156.0
POL,ARM,1,1,2229.0
POL,AUT,2,4,320.0
POL,BFR,3,3,867.0
POL,BGR,1,2,1069.0
POL,BLR,1,2,509.0
POL,BWR,3,3,1089.0
POL,CAN,1,2,6935.0
POL,CHE,5,7,727.0
POL,CHN,1,2,6944.0
POL,CYP,2,2,1995.0
POL,CZE,1,3,521.0
POL,DEU,29,44,398.0
POL,DNK,5,8,395.0
POL,ENG,53,58,1004.0
POL,ESP,18,22,1484.0
POL,EST,1,1,841.0
POL,FIN,4,5,719.0
POL,FXX,14,15,937.0
POL,GEG,3,3,1958.0
POL,GRC,6,7,1338.0
POL,HRV,3,3,988.0
POL,HUN,1,2,541.0
POL,IRL,15,15,1395.0
POL,ISR,2,4,2430.0
POL,ITA,28,29,803.0
POL,LTU,1,1,396.0
POL,LVA,1,2,563.0
POL,MLT,2,2,1638.0
POL,NIR,1,1,1825.0
POL,NLX,8,9,935.0
POL,NOW,30,31,685.0
POL,PRX,1,2,2749.0
POL,QAT,1,1,3944.0
POL,ROU,1,2,925.0
POL,RUS,3,4,1025.0
POL,SCT,7,8,1366.0
POL,SRS,1,2,818.0
POL,SVN,1,2,812.0
POL,SWE,13,13,349.0
POL,TUR,1,2,1347.0
POL,UKR,5,6,335.0
POL,USA,2,2,6848.0
PRI,ACA,1,1,469.0
PRI,AIA,1,2,312.0
PRI,BLM,1,1,339.0
PRI,CAN,1,1,3082.0
PRI,COL,1,1,1765.0
PRI,DEU,1,1,7354.0
PRI,DMA,1,4,594.0
PRI,DOM,6,9,249.0
PRI,GLP,1,2,532.0
PRI,KNA,2,4,369.0
PRI,MTQ,1,2,683.0
PRI,PAN,1,1,1780.0
PRI,SXM,1,3,309.0
PRI,TCA,1,1,752.0
PRI,USA,27,53,1581.0
PRI,VEN,1,1,878.0
PRI,VGB,2,7,154.0
PRI,VIR,3,8,80.0
PRK,CHN,2,3,326.0
PRK,MYS,1,1,4725.0
PRK,RUS,1,1,713.0
PRX,AGO,2,3,5781.0
PRX,ARE,1,2,6138.0
PRX,AUT,1,2,2305.0
PRX,BFR,3,15,1473.0
PRX,BRA,12,12,5612.0
PRX,BWR,2,2,1440.0
PRX,CAN,3,6,5235.0
PRX,CHE,5,15,1309.0
PRX,CPV,5,9,2692.0
PRX,CZE,1,1,2229.0
PRX,DEU,29,45,1556.0
PRX,DNK,3,5,2447.0
PRX,DZA,1,2,1110.0
PRX,ENG,28,58,1278.0
PRX,ESP,17,41,172.0
PRX,FIN,1,2,3364.0
PRX,FXX,32,48,759.0
PRX,GHA,1,1,3798.0
PRX,HUN,1,1,2480.0
PRX,IRL,8,12,1366.0
PRX,ITA,10,18,1484.0
PRX,LUX,3,6,1484.0
PRX,MAR,3,4,443.0
PRX,MDA,1,1,3198.0
PRX,MLI,1,1,2921.0
PRX,MOZ,1,1,8400.0
PRX,NIR,3,4,1964.0
PRX,NLX,10,20,1543.0
PRX,NOW,2,3,2761.0
PRX,PAZ,7,14,1420.0
PRX,PMD,3,10,908.0
PRX,POL,1,2,2749.0
PRX,ROU,1,1,2971.0
PRX,RUS,1,2,3913.0
PRX,SCT,4,7,1956.0
PRX,SEN,1,1,2796.0
PRX,STP,1,2,4566.0
PRX,SWE,2,3,2998.0
PRX,TUN,1,1,1711.0
PRX,TUR,1,2,3212.0
PRX,UKR,1,2,3372.0
PRX,USA,5,12,5124.0
PRX,VEN,2,2,6502.0
PRY,ARG,2,4,1040.0
PRY,BOL,1,2,1025.0
PRY,BRA,2,5,876.0
PRY,CHL,1,2,1571.0
PRY,PAN,1,1,4490.0
PRY,PER,1,1,2528.0
PRY,URY,1,1,1077.0
PRY,USA,1,2,6179.0
PYF,CHL,1,1,4249.0
PYF,COK,1,2,1144.0
PYF,JPN,1,2,9445.0
PYF,NCL,1,1,4634.0
PYF,NZL,1,4,4093.0
PYF,USA,2,7,4417.0
QAT,ARE,4,11,321.0
QAT,AUS,2,2,9330.0
QAT,AUT,1,1,3969.0
QAT,AZE,1,2,1696.0
QAT,BFR,1,1,4892.0
QAT,BGD,1,1,3913.0
QAT,BHR,1,12,148.0
QAT,BRA,1,1,11858.0
QAT,CAN,1,1,10406.0
QAT,CHE,2,3,4495.0
QAT,CHN,6,6,5131.0
QAT,CYP,1,1,2028.0
QAT,DEU,3,9,4302.0
QAT,DNK,1,1,4610.0
QAT,DZA,1,1,4732.0
QAT,EGY,3,4,1896.0
QAT,ENG,2,4,5241.0
QAT,ESP,2,6,4862.0
QAT,ETH,1,1,2263.0
QAT,FXX,1,1,4969.0
QAT,GRC,1,2,2958.0
QAT,HKG,1,2,6291.0
QAT,HUN,1,1,3756.0
QAT,IDN,1,1,6894.0
QAT,IND,12,17,2145.0
QAT,IRK,2,2,1293.0
QAT,IRN,4,5,384.0
QAT,IRR,3,3,703.0
QAT,ITA,3,4,4039.0
QAT,JOR,1,2,1684.0
QAT,JPN,2,6,7905.0
QAT,KEN,1,1,3353.0
QAT,KOR,1,2,7052.0
QAT,KWT,1,2,568.0
QAT,LBN,1,2,1823.0
QAT,LKA,1,2,3613.0
QAT,MAR,1,1,5734.0
QAT,MDV,1,1,3312.0
QAT,MMR,1,1,4691.0
QAT,MYS,1,2,5909.0
QAT,NGA,1,1,5528.0
QAT,NLX,1,3,4923.0
QAT,NOW,1,1,4956.0
QAT,NPL,1,2,3360.0
QAT,OMN,2,6,701.0
QAT,PAK,4,5,1566.0
QAT,PHL,2,3,7209.0
QAT,POL,1,1,3944.0
QAT,ROU,1,1,3141.0
QAT,RUS,1,1,3532.0
QAT,SAU,6,9,225.0
QAT,SDN,1,2,2255.0
QAT,SGP,1,1,6207.0
QAT,SWE,1,1,4618.0
QAT,THA,1,1,5280.0
QAT,TUN,1,1,4110.0
QAT,TUR,3,4,2391.0
QAT,TZA,1,1,3819.0
QAT,UGA,1,1,3480.0
QAT,USA,5,11,10769.0
QAT,VNM,1,1,5995.0
QAT,YEM,2,3,1333.0
QAT,ZAF,1,1,6243.0
REU,COM,1,1,1669.0
REU,FXX,3,5,8801.0
REU,IND,1,1,4631.0
REU,MDG,5,6,712.0
REU,MUS,2,7,232.0
REU,MYT,1,1,1411.0
REU,ZAF,1,1,2835.0
ROU,ARE,2,3,3395.0
ROU,AUT,4,8,555.0
ROU,BFR,1,2,1754.0
ROU,BGR,1,3,300.0
ROU,BWR,2,2,1467.0
ROU,CHE,2,3,1389.0
ROU,CYP,1,3,1255.0
ROU,CZE,2,5,786.0
ROU,DEU,11,16,776.0
ROU,DNK,1,1,1552.0
ROU,ENG,9,11,1717.0
ROU,ESP,11,17,1626.0
ROU,FXX,6,7,1492.0
ROU,GRC,2,4,518.0
ROU,HUN,1,1,615.0
ROU,IRL,1,2,2530.0
ROU,ISR,3,5,1592.0
ROU,ITA,28,34,710.0
ROU,JOR,1,2,1668.0
ROU,LBN,1,2,1442.0
ROU,MDA,1,3,343.0
ROU,NLX,3,4,1425.0
ROU,NOW,1,1,1944.0
ROU,POL,1,2,925.0
ROU,PRX,1,1,2971.0
ROU,QAT,1,1,3141.0
ROU,RUS,1,2,1498.0
ROU,SRS,1,2,457.0
ROU,TUR,3,4,344.0
RUS,ARE,28,35,2383.0
RUS,ARM,20,27,466.0
RUS,AUT,6,13,1572.0
RUS,AZE,15,21,708.0
RUS,BFR,2,2,2230.0
RUS,BGR,6,8,1535.0
RUS,BLR,8,12,494.0
RUS,CAN,2,2,7467.0
RUS,CHE,6,6,1966.0
RUS,CHN,29,48,393.0
RUS,CUB,2,3,9577.0
RUS,CYP,8,11,1224.0
RUS,CZE,17,24,1424.0
RUS,DEU,33,47,546.0
RUS,DNK,2,3,1140.0
RUS,DOM,3,4,8701.0
RUS,DZA,1,1,3332.0
RUS,EGY,11,11,2859.0
RUS,ENG,6,8,2114.0
RUS,ESP,15,28,2822.0
RUS,EST,2,3,308.0
RUS,FIN,5,9,300.0
RUS,FXX,8,11,2133.0
RUS,GEA,1,2,1558.0
RUS,GEG,3,3,1539.0
RUS,GRC,17,28,1411.0
RUS,HKG,5,9,2884.0
RUS,HRV,2,2,1868.0
RUS,HUN,4,4,1534.0
RUS,IND,2,2,4363.0
RUS,IRN,1,2,2512.0
RUS,ISR,8,10,1495.0
RUS,ITA,20,34,1983.0
RUS,JOR,1,2,2638.0
RUS,JPN,6,9,464.0
RUS,KAZ,32,35,301.0
RUS,KGZ,22,49,1454.0
RUS,KOR,6,13,816.0
RUS,LBN,1,2,2468.0
RUS,LKA,1,1,6511.0
RUS,LTU,4,4,647.0
RUS,LVA,5,8,309.0
RUS,MAR,1,2,4243.0
RUS,MDA,4,5,946.0
RUS,MDV,2,2,6563.0
RUS,MEX,1,1,10006.0
RUS,MLT,3,4,2808.0
RUS,MNE,3,7,1979.0
RUS,MNG,1,2,4635.0
RUS,MUS,1,1,8671.0
RUS,NLX,2,4,1773.0
RUS,NOW,3,4,553.0
RUS,POL,3,4,1025.0
RUS,PRK,1,1,713.0
RUS,PRX,1,2,3913.0
RUS,QAT,1,1,3532.0
RUS,ROU,1,2,1498.0
RUS,SGP,1,2,8401.0
RUS,SRS,1,2,1725.0
RUS,SVN,1,2,1921.0
RUS,SWE,2,4,691.0
RUS,SYC,1,1,6907.0
RUS,THA,9,11,4303.0
RUS,TJK,46,77,1687.0
RUS,TKM,1,2,2468.0
RUS,TUN,4,6,2931.0
RUS,TUR,26,32,273.0
RUS,UKR,21,33,632.0
RUS,USA,8,13,7481.0
RUS,UZB,52,81,1503.0
RUS,VNM,5,6,6693.0
RWA,ARE,1,1,4067.0
RWA,BDI,1,7,176.0
RWA,BFR,1,1,6362.0
RWA,COD,3,3,86.0
RWA,COG,1,1,1672.0
RWA,ETH,1,2,1550.0
RWA,GAB,1,1,2320.0
RWA,KEN,2,8,758.0
RWA,NGA,1,1,3125.0
RWA,SDS,1,1,778.0
RWA,TUR,1,1,4811.0
RWA,TZA,2,2,787.0
RWA,UGA,1,11,340.0
RWA,ZAF,1,2,2695.0
SAU,ARE,27,46,537.0
SAU,BGD,4,7,4080.0
SAU,BHR,4,8,86.0
SAU,BRN,1,1,8336.0
SAU,CAN,1,1,10444.0
SAU,CHE,2,2,4040.0
SAU,CHN,2,2,6686.0
SAU,DEU,4,10,3999.0
SAU,DZA,2,2,3837.0
SAU,EGY,22,54,542.0
SAU,ENG,4,7,4714.0
SAU,ERI,1,1,711.0
SAU,ESP,1,2,4516.0
SAU,ETH,3,9,1413.0
SAU,FXX,2,4,4427.0
SAU,HKG,1,1,6782.0
SAU,IDN,3,6,7342.0
SAU,IND,25,38,2499.0
SAU,IRN,11,12,1431.0
SAU,ITA,4,8,3363.0
SAU,JOR,4,10,876.0
SAU,KEN,1,2,2569.0
SAU,KOR,1,1,7492.0
SAU,KWT,5,17,355.0
SAU,LBN,3,5,1397.0
SAU,LBY,2,2,2197.0
SAU,LKA,3,9,3835.0
SAU,MAR,2,4,4747.0
SAU,MYS,2,5,6377.0
SAU,NGA,1,1,3423.0
SAU,NLX,1,3,4705.0
SAU,OMN,5,7,913.0
SAU,PAK,19,40,1747.0
SAU,PHL,3,5,7451.0
SAU,QAT,6,9,225.0
SAU,SDN,4,8,320.0
SAU,SGP,2,3,6674.0
SAU,TCD,1,1,2772.0
SAU,TUN,2,3,3115.0
SAU,TUR,15,20,1353.0
SAU,USA,5,5,10225.0
SAU,YEM,12,15,349.0
SAU,ZAF,1,1,5446.0
SCT,ARE,1,2,5841.0
SCT,BFR,1,2,765.0
SCT,BWR,1,1,802.0
SCT,CAN,2,2,5284.0
SCT,CHE,1,1,1264.0
SCT,CYP,3,3,3596.0
SCT,CZE,1,2,1341.0
SCT,DEU,11,11,789.0
SCT,DNK,3,4,687.0
SCT,ENG,44,58,243.0
SCT,ESP,32,60,1393.0
SCT,FXX,10,16,869.0
SCT,GRC,7,8,2493.0
SCT,HRV,1,2,2147.0
SCT,HUN,1,1,1813.0
SCT,IRL,8,9,256.0
SCT,ISL,2,2,1347.0
SCT,ITA,8,8,1424.0
SCT,JEY,2,3,754.0
SCT,LTU,1,1,1723.0
SCT,LVA,2,2,1573.0
SCT,MEX,1,2,7620.0
SCT,MLT,3,3,2609.0
SCT,NIR,7,7,167.0
SCT,NLX,4,7,666.0
SCT,NOW,8,13,497.0
SCT,PMD,1,1,2748.0
SCT,POL,7,8,1366.0
SCT,PRX,4,7,1956.0
SCT,SVK,1,1,1642.0
SCT,SWE,2,3,946.0
SCT,TUN,1,1,2471.0
SCT,TUR,6,9,2830.0
SCT,USA,4,9,5182.0
SCT,WLS,2,4,503.0
SDN,ARE,4,10,2505.0
SDN,BHR,1,1,2218.0
SDN,EGY,2,3,1326.0
SDN,ERI,1,1,682.0
SDN,ETH,1,2,1000.0
SDN,JOR,1,2,1827.0
SDN,KEN,1,1,1941.0
SDN,QAT,1,2,2255.0
SDN,SAU,4,8,320.0
SDN,SDS,1,2,1196.0
SDN,TCD,1,1,1929.0
SDN,TUR,1,1,2879.0
SDN,YEM,1,1,1250.0
SDS,ARE,1,1,3399.0
SDS,EGY,1,2,2808.0
SDS,ETH,1,2,916.0
SDS,KEN,1,2,908.0
SDS,RWA,1,1,778.0
SDS,SDN,1,2,1196.0
SDS,UGA,1,2,545.0
SEN,ARE,1,1,7618.0
SEN,BEN,1,2,2362.0
SEN,BFA,1,1,1747.0
SEN,BFR,1,5,4477.0
SEN,CIV,1,3,1820.0
SEN,CMR,1,1,3210.0
SEN,CPV,1,2,646.0
SEN,DZA,1,1,3188.0
SEN,ESP,4,8,1483.0
SEN,FXX,2,3,4192.0
SEN,GHA,1,3,2149.0
SEN,GIN,1,8,712.0
SEN,GMB,1,4,180.0
SEN,GNB,1,2,374.0
SEN,ITA,1,1,4220.0
SEN,MAR,1,1,2299.0
SEN,MLI,1,5,1060.0
SEN,MRT,1,2,429.0
SEN,NGA,1,1,2446.0
SEN,PRX,1,1,2796.0
SEN,SLE,1,2,826.0
SEN,TUN,1,1,3681.0
SEN,TUR,1,1,5325.0
SEN,USA,2,4,6120.0
SEN,ZAF,1,3,6717.0
SGP,ARE,2,11,5847.0
SGP,AUS,7,42,3339.0
SGP,BGD,1,4,2898.0
SGP,BRN,1,2,1278.0
SGP,CHE,1,3,10306.0
SGP,CHN,22,44,2183.0
SGP,DEU,2,7,10058.0
SGP,DNK,1,2,9968.0
SGP,ENG,1,4,10883.0
SGP,ESP,1,1,10899.0
SGP,FIN,1,1,9275.0
SGP,FXX,1,2,10725.0
SGP,HKG,1,8,2566.0
SGP,IDN,13,62,300.0
SGP,IND,12,37,2904.0
SGP,ITA,2,2,10053.0
SGP,JPN,5,18,4521.0
SGP,KHM,2,8,1138.0
SGP,KOR,1,5,4627.0
SGP,LAO,1,1,1857.0
SGP,LKA,1,5,2750.0
SGP,MAC,1,1,2535.0
SGP,MDV,1,2,3398.0
SGP,MMR,1,6,1932.0
SGP,MYS,12,39,283.0
SGP,NLX,1,3,10514.0
SGP,NPL,1,2,3538.0
SGP,NZL,2,5,8403.0
SGP,PHL,6,17,2299.0
SGP,PNX,1,1,4935.0
SGP,QAT,1,1,6207.0
SGP,RUS,1,2,8401.0
SGP,SAU,2,3,6674.0
SGP,THA,7,27,738.0
SGP,TLS,1,1,2628.0
SGP,TUR,1,3,8680.0
SGP,TWN,2,8,2949.0
SGP,UZB,1,2,5638.0
SGP,VNM,3,12,1093.0
SGP,ZAF,1,4,8656.0
SLB,AUS,1,2,2125.0
SLB,FJI,1,2,2093.0
SLB,PNX,1,1,1408.0
SLB,VUT,1,3,1282.0
SLE,CIV,1,1,1089.0
SLE,ENG,2,2,4877.0
SLE,FXX,1,2,4726.0
SLE,GHA,1,3,1476.0
SLE,GMB,1,2,646.0
SLE,LBR,2,8,373.0
SLE,MAR,1,1,2812.0
SLE,NGA,1,1,1834.0
SLE,SEN,1,2,826.0
SLV,BLZ,1,1,463.0
SLV,CAN,1,1,3480.0
SLV,COL,3,3,1698.0
SLV,CRI,2,2,496.0
SLV,CUB,1,1,1272.0
SLV,ECU,2,2,1915.0
SLV,ESP,1,2,8666.0
SLV,GTM,1,1,203.0
SLV,HND,3,3,210.0
SLV,MEX,2,3,876.0
SLV,NIC,1,2,345.0
SLV,PAN,1,2,1161.0
SLV,PER,1,1,3123.0
SLV,USA,12,29,1651.0
SOL,ARE,2,2,1985.0
SOL,DJI,2,2,233.0
SOL,ETH,1,1,584.0
SOL,KEN,1,2,972.0
SOL,SOP,1,2,470.0
SOL,SOX,2,3,845.0
SOL,YEM,1,1,272.0
SOP,KEN,1,1,991.0
SOP,SOL,1,2,470.0
SOP,SOX,1,1,581.0
SOX,DJI,1,2,1086.0
SOX,KEN,2,3,580.0
SOX,SOL,2,3,845.0
SOX,SOP,1,1,581.0
SOX,UGA,1,1,1447.0
SPM,CAN,3,3,275.0
SRS,ARE,2,3,3816.0
SRS,AUT,1,2,465.0
SRS,BFR,1,1,1357.0
SRS,BGR,2,2,343.0
SRS,BHF,1,2,192.0
SRS,BIS,1,1,238.0
SRS,BWR,1,1,1340.0
SRS,CHE,2,5,952.0
SRS,CYP,1,2,1582.0
SRS,CZE,1,1,742.0
SRS,DEU,7,16,760.0
SRS,DNK,1,1,1317.0
SRS,ENG,2,3,1701.0
SRS,FXX,2,3,1423.0
SRS,GRC,2,4,525.0
SRS,HRV,1,1,350.0
SRS,HUN,1,2,301.0
SRS,ISR,1,1,1902.0
SRS,ITA,2,6,734.0
SRS,MKD,1,1,335.0
SRS,MNE,2,4,286.0
SRS,NLX,2,3,1327.0
SRS,NOW,2,2,1735.0
SRS,POL,1,2,818.0
SRS,ROU,1,2,457.0
SRS,RUS,1,2,1725.0
SRS,SVN,1,1,482.0
SRS,SWE,4,6,1288.0
SRS,TUN,1,1,1225.0
SRS,TUR,3,4,791.0
STP,AGO,1,1,1255.0
STP,CPV,1,1,3692.0
STP,PRX,1,1,4566.0
SUR,ABW,1,1,1806.0
SUR,BRA,1,1,1064.0
SUR,CUW,1,1,1688.0
SUR,GUF,1,1,321.0
SUR,GUY,1,1,358.0
SUR,NLX,1,2,7524.0
SUR,TTO,1,3,886.0
SVK,AUT,1,1,350.0
SVK,BWR,1,1,958.0
SVK,CZE,2,5,304.0
SVK,ENG,5,5,1278.0
SVK,ESP,3,3,1329.0
SVK,FXX,1,1,1113.0
SVK,IRL,1,1,1741.0
SVK,ITA,4,4,634.0
SVK,NOW,1,1,1387.0
SVK,SCT,1,1,1642.0
SVN,ALB,1,1,681.0
SVN,AUT,1,2,264.0
SVN,BFR,1,2,898.0
SVN,BHF,1,1,405.0
SVN,BWR,1,1,876.0
SVN,CHE,1,2,470.0
SVN,CZE,1,1,431.0
SVN,DEU,2,4,311.0
SVN,DNK,1,2,1052.0
SVN,ENG,2,2,1210.0
SVN,FIN,1,1,1711.0
SVN,FXX,1,2,944.0
SVN,KOS,1,1,661.0
SVN,MKD,1,1,742.0
SVN,MNE,1,2,574.0
SVN,NLX,1,1,974.0
SVN,POL,1,2,812.0
SVN,RUS,1,2,1921.0
SVN,SRS,1,1,482.0
SVN,TUR,1,2,1271.0
SWE,ALD,1,1,122.0
SWE,ARE,1,2,4785.0
SWE,AUT,1,4,1286.0
SWE,BFR,3,5,905.0
SWE,BHF,3,3,1289.0
SWE,BLR,1,1,888.0
SWE,BWR,1,1,1221.0
SWE,CHE,2,6,1486.0
SWE,CHN,1,2,6691.0
SWE,CYP,2,2,2911.0
SWE,CZE,1,4,1087.0
SWE,DEU,13,29,571.0
SWE,DNK,7,9,182.0
SWE,ENG,14,24,953.0
SWE,ESP,24,34,1958.0
SWE,EST,3,4,391.0
SWE,ETH,1,2,5900.0
SWE,FIN,9,21,259.0
SWE,FXX,12,17,1125.0
SWE,GRC,7,10,2076.0
SWE,HRV,7,9,1517.0
SWE,HUN,4,4,988.0
SWE,IRK,3,6,3203.0
SWE,IRL,1,2,1625.0
SWE,IRN,2,3,3600.0
SWE,IRR,1,1,3510.0
SWE,ISL,1,1,2143.0
SWE,ISR,1,1,3321.0
SWE,ITA,18,19,1354.0
SWE,LTU,1,2,712.0
SWE,LUX,1,1,1342.0
SWE,LVA,2,4,466.0
SWE,MAR,1,1,3468.0
SWE,MKD,3,3,1623.0
SWE,MLT,3,3,2445.0
SWE,NLX,4,7,764.0
SWE,NOW,9,13,282.0
SWE,POL,13,13,349.0
SWE,PRX,2,3,2998.0
SWE,QAT,1,1,4618.0
SWE,RUS,2,4,691.0
SWE,SCT,2,3,946.0
SWE,SRS,4,6,1288.0
SWE,THA,1,3,8296.0
SWE,TUR,4,6,2164.0
SWE,USA,6,7,6292.0
SWZ,ZAF,1,1,308.0
SXM,ACA,1,1,172.0
SXM,AIA,1,2,19.0
SXM,BLM,1,3,32.0
SXM,BRB,1,1,674.0
SXM,CAN,1,1,3244.0
SXM,CUW,1,2,904.0
SXM,DMA,1,5,338.0
SXM,DOM,1,3,694.0
SXM,FXX,2,4,6723.0
SXM,GLP,1,1,259.0
SXM,HTI,1,1,971.0
SXM,JAM,1,1,1446.0
SXM,KNA,2,3,91.0
SXM,LCA,1,1,501.0
SXM,NLY,2,2,46.0
SXM,PAN,1,1,2020.0
SXM,PRI,1,3,309.0
SXM,USA,10,16,1968.0
SXM,VGB,1,4,158.0
SXM,VIR,2,3,183.0
SYC,ARE,2,4,3238.0
SYC,DEU,1,1,7562.0
SYC,KEN,1,1,2098.0
SYC,LKA,1,2,3008.0
SYC,MUS,1,1,1768.0
SYC,RUS,1,1,6907.0
SYC,ZAF,1,2,3756.0
TCA,BHS,1,3,643.0
TCA,CAN,2,3,2529.0
TCA,DOM,3,3,285.0
TCA,HTI,2,3,227.0
TCA,JAM,1,1,637.0
TCA,PRI,1,1,752.0
TCA,USA,8,14,931.0
TCD,CMR,3,3,555.0
TCD,ETH,1,1,2620.0
TCD,FXX,1,1,4259.0
TCD,NER,1,1,1401.0
TCD,NGA,2,2,708.0
TCD,TUR,1,1,3505.0
TGO,BEN,1,2,127.0
TGO,BFA,1,2,752.0
TGO,BFR,1,3,4983.0
TGO,BRA,1,1,5812.0
TGO,CIV,1,2,582.0
TGO,CMR,1,1,968.0
TGO,ETH,1,1,4148.0
TGO,FXX,1,1,4766.0
TGO,GAB,1,1,1105.0
TGO,GHA,1,2,169.0
TGO,GIN,1,1,1681.0
TGO,MLI,1,1,1233.0
TGO,NGA,2,2,233.0
THA,ARE,4,9,4904.0
THA,AUS,7,14,4832.0
THA,AUT,1,3,8451.0
THA,BFR,1,2,9262.0
THA,BGD,2,7,1341.0
THA,BHR,1,3,5386.0
THA,BRN,1,2,1833.0
THA,CHE,1,2,9054.0
THA,CHN,44,72,652.0
THA,DEU,2,4,8800.0
THA,DNK,1,2,8637.0
THA,EGY,1,3,7280.0
THA,ENG,1,4,9578.0
THA,ESP,1,1,10193.0
THA,ETH,1,2,6758.0
THA,FIN,1,1,7908.0
THA,FXX,1,3,9448.0
THA,HKG,5,24,1605.0
THA,IDN,6,8,1834.0
THA,IND,9,18,1637.0
THA,IRN,1,1,5497.0
THA,ISR,1,2,6946.0
THA,ITA,2,2,8877.0
THA,JOR,1,2,6841.0
THA,JPN,6,21,3725.0
THA,KAZ,1,1,4000.0
THA,KEN,1,3,7224.0
THA,KHM,4,8,333.0
THA,KOR,4,21,3382.0
THA,KWT,1,1,5678.0
THA,LAO,4,10,358.0
THA,LKA,1,4,2392.0
THA,MAC,3,4,1569.0
THA,MDG,1,2,6862.0
THA,MDV,1,1,3166.0
THA,MMR,6,12,364.0
THA,MNG,1,1,3839.0
THA,MYS,13,33,381.0
THA,NLX,1,3,9208.0
THA,NOW,1,3,8675.0
THA,NPL,1,2,2230.0
THA,NZL,1,2,9555.0
THA,OMN,1,1,4590.0
THA,PAK,3,4,3337.0
THA,PHL,3,6,2139.0
THA,QAT,1,1,5280.0
THA,RUS,11,13,4303.0
THA,SGP,7,28,738.0
THA,SWE,1,3,8296.0
THA,TUR,1,2,7512.0
THA,TWN,3,8,2292.0
THA,UKR,1,1,7416.0
THA,UZB,1,1,4318.0
THA,VNM,4,10,716.0
THA,ZAF,1,2,8996.0
TJK,ARE,2,3,1928.0
TJK,CHN,2,4,1521.0
TJK,DEU,1,1,4824.0
TJK,IND,1,1,1347.0
TJK,IRN,2,3,851.0
TJK,KAZ,4,6,487.0
TJK,KGZ,1,2,692.0
TJK,RUS,43,73,1687.0
TJK,TUR,1,3,3401.0
TKM,ARE,1,2,1444.0
TKM,AZE,1,2,767.0
TKM,BLR,1,1,2900.0
TKM,CHN,1,1,2518.0
TKM,DEU,1,1,4115.0
TKM,ENG,2,2,4741.0
TKM,IND,2,2,1651.0
TKM,RUS,1,2,2468.0
TKM,TUR,1,2,2549.0
TLS,AUS,1,2,726.0
TLS,IDN,1,1,1139.0
TLS,SGP,1,1,2628.0
TON,AUS,1,1,3585.0
TON,FJI,2,2,749.0
TON,NZL,1,2,2004.0
TTO,ACA,1,1,674.0
TTO,BRB,2,2,259.0
TTO,CAN,1,2,4079.0
TTO,CUW,1,3,850.0
TTO,ENG,1,1,7100.0
TTO,GRD,1,3,164.0
TTO,GUY,1,1,568.0
TTO,JAM,1,1,1853.0
TTO,LCA,2,4,351.0
TTO,PAN,1,2,1984.0
TTO,SUR,1,3,886.0
TTO,USA,7,11,2613.0
TTO,VCT,1,1,286.0
TTO,VEN,2,2,289.0
TUN,ARE,1,2,4444.0
TUN,AUT,1,1,1355.0
TUN,BFA,1,1,2965.0
TUN,BFR,4,4,1627.0
TUN,CHE,6,6,1098.0
TUN,CIV,1,1,3797.0
TUN,DEU,21,32,1285.0
TUN,DZA,2,3,625.0
TUN,EGY,1,2,2096.0
TUN,ENG,7,19,1831.0
TUN,ESP,2,2,859.0
TUN,FXX,26,44,799.0
TUN,ITA,6,8,292.0
TUN,JOR,1,1,2427.0
TUN,KWT,1,1,3594.0
TUN,LBN,1,2,2309.0
TUN,LBY,9,21,259.0
TUN,LUX,2,2,1545.0
TUN,MAR,1,2,1664.0
TUN,MLI,1,1,3255.0
TUN,MLT,1,1,396.0
TUN,MRT,1,1,3284.0
TUN,NLX,2,2,1771.0
TUN,PRX,1,1,1711.0
TUN,QAT,1,1,4110.0
TUN,RUS,4,6,2931.0
TUN,SAU,2,3,3115.0
TUN,SCT,1,2,2471.0
TUN,SEN,1,1,3681.0
TUN,SRS,1,1,1225.0
TUN,TUR,1,2,1670.0
TUN,WLS,1,1,2024.0
TUR,AFG,2,2,3335.0
TUR,ALB,2,2,754.0
TUR,ARE,4,8,2967.0
TUR,AUT,10,19,1224.0
TUR,AZE,5,7,1435.0
TUR,BFR,6,7,2141.0
TUR,BGD,1,1,5962.0
TUR,BGR,1,1,469.0
TUR,BHF,2,4,899.0
TUR,BHR,1,2,2608.0
TUR,BLR,1,2,1403.0
TUR,BRA,1,1,10559.0
TUR,BWR,1,1,2189.0
TUR,CAN,1,2,8172.0
TUR,CHE,6,11,1741.0
TUR,CHN,4,7,4713.0
TUR,CMR,2,2,4515.0
TUR,COD,1,1,5254.0
TUR,CYN,8,14,259.0
TUR,CZE,2,2,1489.0
TUR,DEU,68,128,1548.0
TUR,DJI,1,1,3592.0
TUR,DNK,8,10,1978.0
TUR,DZA,4,6,1870.0
TUR,EGY,4,8,1155.0
TUR,ENG,37,79,2461.0
TUR,ESP,7,7,2220.0
TUR,EST,1,1,2035.0
TUR,ETH,1,1,3725.0
TUR,FIN,4,5,2133.0
TUR,FXX,19,26,1781.0
TUR,GEA,1,1,1071.0
TUR,GEG,2,4,1308.0
TUR,GHA,1,1,4895.0
TUR,GRC,5,8,137.0
TUR,HKG,1,1,8006.0
TUR,HRV,1,2,1135.0
TUR,HUN,2,2,1017.0
TUR,IND,2,4,4565.0
TUR,IRK,5,10,779.0
TUR,IRL,2,2,2924.0
TUR,IRN,8,14,1533.0
TUR,IRR,6,6,1258.0
TUR,ISR,2,3,1106.0
TUR,ITA,11,12,1211.0
TUR,JOR,2,3,1243.0
TUR,JPN,2,4,8744.0
TUR,KAZ,5,7,1846.0
TUR,KEN,1,2,4808.0
TUR,KGZ,3,5,3660.0
TUR,KOR,1,3,7923.0
TUR,KOS,2,2,654.0
TUR,KWT,2,6,2130.0
TUR,LBN,2,3,957.0
TUR,LBY,2,6,1269.0
TUR,LTU,1,1,1507.0
TUR,LUX,3,3,1978.0
TUR,LVA,2,2,1773.0
TUR,MAR,2,3,3305.0
TUR,MDA,1,2,629.0
TUR,MDV,1,1,6063.0
TUR,MKD,2,2,597.0
TUR,MLT,2,4,1377.0
TUR,MNE,1,1,796.0
TUR,MYS,1,2,8387.0
TUR,NER,1,1,4020.0
TUR,NGA,2,2,3800.0
TUR,NIR,1,1,3318.0
TUR,NLX,16,22,2169.0
TUR,NOW,6,7,2421.0
TUR,NPL,1,1,5305.0
TUR,OMN,1,2,3371.0
TUR,PAK,3,3,3944.0
TUR,POL,1,2,1347.0
TUR,PRX,1,2,3212.0
TUR,QAT,3,4,2391.0
TUR,ROU,3,4,344.0
TUR,RUS,25,31,273.0
TUR,RWA,1,2,4811.0
TUR,SAU,14,18,1353.0
TUR,SCT,6,8,2830.0
TUR,SDN,1,1,2879.0
TUR,SGP,1,3,8680.0
TUR,SRS,3,4,791.0
TUR,SVN,1,2,1271.0
TUR,SWE,4,6,2164.0
TUR,THA,1,2,7512.0
TUR,TJK,1,3,3401.0
TUR,TKM,1,2,2549.0
TUR,TUN,1,2,1670.0
TUR,TZA,2,2,5042.0
TUR,UKR,9,20,593.0
TUR,USA,5,10,8027.0
TUR,UZB,1,2,3356.0
TUR,WLS,1,1,3006.0
TUR,YEM,1,1,3232.0
TUR,ZAF,1,1,7496.0
TUV,FJI,1,1,1061.0
TWN,ARE,1,1,6555.0
TWN,AUS,2,3,6760.0
TWN,AUT,1,1,8968.0
TWN,CAN,2,3,9592.0
TWN,CHN,94,189,184.0
TWN,DEU,1,1,9365.0
TWN,FXX,1,1,9786.0
TWN,GUM,1,2,2782.0
TWN,HKG,4,13,650.0
TWN,IDN,3,7,3723.0
TWN,IND,1,2,4372.0
TWN,JPN,25,68,313.0
TWN,KHM,2,3,2238.0
TWN,KOR,6,18,1067.0
TWN,MAC,3,8,697.0
TWN,MMR,1,1,2754.0
TWN,MYS,3,7,2199.0
TWN,NLX,1,2,9443.0
TWN,PHL,3,9,900.0
TWN,PLW,1,2,2424.0
TWN,SGP,2,9,2949.0
TWN,THA,3,8,2292.0
TWN,USA,5,14,8144.0
TWN,VNM,6,13,1507.0
TZA,ARE,1,1,3978.0
TZA,COM,1,1,684.0
TZA,EGY,1,1,4198.0
TZA,ETH,2,3,1393.0
TZA,KEN,5,13,235.0
TZA,MOZ,1,1,695.0
TZA,MWI,1,1,970.0
TZA,MYT,1,1,937.0
TZA,NLX,1,3,7345.0
TZA,OMN,1,1,3972.0
TZA,QAT,1,1,3819.0
TZA,RWA,2,2,787.0
TZA,TUR,1,1,5459.0
TZA,TZZ,3,7,73.0
TZA,UGA,2,4,643.0
TZA,ZAF,1,1,2436.0
TZA,ZWE,1,1,1511.0
TZZ,DEU,1,1,6917.0
TZZ,ETH,1,1,1691.0
TZZ,KEN,2,3,247.0
TZZ,TZA,2,5,73.0
TZZ,ZAF,1,1,2502.0
UGA,ARE,1,1,3731.0
UGA,BDI,1,1,511.0
UGA,BFR,1,4,6239.0
UGA,EGY,1,1,3346.0
UGA,ENG,1,2,6497.0
UGA,ERI,1,1,1838.0
UGA,ETH,1,1,1218.0
UGA,KEN,1,3,521.0
UGA,NLX,1,3,6358.0
UGA,QAT,1,1,3480.0
UGA,RWA,1,5,340.0
UGA,SDS,1,1,545.0
UGA,SOX,1,1,1447.0
UGA,TUR,1,1,4600.0
UGA,TZA,2,4,643.0
UGA,ZAF,1,1,2946.0
UKR,ARE,9,10,2969.0
UKR,ARM,2,2,1174.0
UKR,AUT,5,10,571.0
UKR,AZE,1,3,1846.0
UKR,BFR,1,2,1854.0
UKR,BLR,1,2,439.0
UKR,CHE,2,3,1658.0
UKR,CYP,6,6,1308.0
UKR,CZE,1,3,1181.0
UKR,DEU,10,12,900.0
UKR,ENG,3,3,2140.0
UKR,ESP,8,11,1853.0
UKR,EST,1,1,1079.0
UKR,FIN,1,1,1169.0
UKR,FXX,2,3,1933.0
UKR,GEA,1,1,907.0
UKR,GEG,5,6,754.0
UKR,GRC,5,5,1441.0
UKR,HUN,1,1,881.0
UKR,ISR,6,7,1643.0
UKR,ITA,9,10,993.0
UKR,JOR,1,1,2113.0
UKR,KAZ,2,4,2823.0
UKR,LTU,2,2,586.0
UKR,LVA,1,2,861.0
UKR,MDA,1,1,406.0
UKR,NLX,1,2,1819.0
UKR,NOW,1,1,1651.0
UKR,POL,5,6,335.0
UKR,PRX,1,2,3372.0
UKR,RUS,21,34,632.0
UKR,THA,1,1,7416.0
UKR,TUR,10,20,593.0
UKR,USA,1,1,7533.0
UKR,UZB,1,1,3103.0
URY,ARG,4,9,220.0
URY,BRA,4,9,706.0
URY,CHL,1,2,1367.0
URY,ESP,1,1,9947.0
URY,PAN,1,1,5466.0
URY,PER,1,1,3310.0
URY,PRY,1,1,1077.0
URY,USA,1,2,7210.0
USA,ABW,12,21,1828.0
USA,ACA,4,7,2139.0
USA,ARE,12,24,10702.0
USA,ARG,5,10,7119.0
USA,ASM,1,1,4203.0
USA,AUS,8,26,7552.0
USA,AUT,3,6,6805.0
USA,BFR,6,21,5886.0
USA,BHS,40,72,98.0
USA,BLZ,7,10,1236.0
USA,BMU,6,11,1227.0
USA,BOL,1,2,4883.0
USA,BRA,26,57,3877.0
USA,BRB,2,3,2593.0
USA,CAN,162,364,157.0
USA,CHE,15,29,6010.0
USA,CHL,4,10,6657.0
USA,CHN,19,59,7914.0
USA,COK,1,2,7536.0
USA,COL,18,49,1756.0
USA,CPV,1,1,5451.0
USA,CRI,22,34,1778.0
USA,CUW,2,5,1923.0
USA,CYM,12,17,680.0
USA,DEU,43,114,5889.0
USA,DNK,7,7,6189.0
USA,DOM,37,61,1201.0
USA,ECU,5,8,2890.0
USA,EGY,1,2,9016.0
USA,ENG,36,196,5240.0
USA,ESP,13,57,5474.0
USA,ETH,1,1,11563.0
USA,FIN,1,4,6607.0
USA,FJI,2,6,5107.0
USA,FXX,22,89,5534.0
USA,GHA,1,1,8221.0
USA,GLP,1,2,2213.0
USA,GRC,1,3,8083.0
USA,GRD,2,4,2472.0
USA,GTM,9,17,1640.0
USA,GUM,1,1,6109.0
USA,GUY,2,2,3174.0
USA,HKG,5,16,11128.0
USA,HND,13,19,1236.0
USA,HTI,4,13,1149.0
USA,IND,4,5,11754.0
USA,IRL,13,35,4646.0
USA,ISL,7,7,3874.0
USA,ISR,4,7,9117.0
USA,ITA,15,53,6413.0
USA,JAM,22,40,847.0
USA,JOR,2,6,9215.0
USA,JPN,29,80,6081.0
USA,KIR,1,2,2151.0
USA,KNA,1,3,2044.0
USA,KOR,12,39,7353.0
USA,KWT,2,2,10202.0
USA,LCA,5,7,2422.0
USA,LVA,1,1,6746.0
USA,MAR,1,1,5795.0
USA,MEX,164,369,448.0
USA,MHL,1,1,3668.0
USA,MTQ,1,2,2362.0
USA,NGA,3,3,8444.0
USA,NIC,4,6,1638.0
USA,NIR,1,2,5099.0
USA,NLX,16,39,5547.0
USA,NLY,3,3,2899.0
USA,NOW,4,5,5604.0
USA,NZL,3,10,7089.0
USA,PAK,1,1,11350.0
USA,PAN,14,29,1862.0
USA,PAZ,1,2,3844.0
USA,PER,8,21,4219.0
USA,PHL,3,3,8520.0
USA,POL,2,2,6848.0
USA,PRI,26,53,1581.0
USA,PRX,5,12,5124.0
USA,PRY,1,2,6179.0
USA,PYF,2,7,4417.0
USA,QAT,5,11,10769.0
USA,RUS,8,13,7481.0
USA,SAU,5,5,10225.0
USA,SCT,4,9,5182.0
USA,SEN,2,4,6120.0
USA,SLV,12,28,1651.0
USA,SWE,6,7,6292.0
USA,SXM,10,16,1968.0
USA,TCA,8,14,931.0
USA,TTO,7,11,2613.0
USA,TUR,5,10,8027.0
USA,TWN,5,14,8144.0
USA,UKR,1,1,7533.0
USA,URY,1,2,7210.0
USA,VEN,7,9,1919.0
USA,VIR,11,19,1781.0
USA,WSM,1,1,4200.0
USA,ZAF,2,5,12831.0
UZB,ARE,2,2,2179.0
UZB,AZE,1,1,1617.0
UZB,CHN,2,4,1515.0
UZB,CZE,1,2,4284.0
UZB,DEU,1,1,4684.0
UZB,ENG,1,1,5261.0
UZB,FXX,1,1,5133.0
UZB,IND,2,2,1170.0
UZB,IRN,1,1,1705.0
UZB,ISR,1,1,3212.0
UZB,ITA,2,2,4658.0
UZB,JPN,1,1,6042.0
UZB,KAZ,2,4,679.0
UZB,KGZ,1,2,473.0
UZB,KOR,1,3,4844.0
UZB,LVA,1,2,3641.0
UZB,MYS,1,2,5369.0
UZB,RUS,53,82,1503.0
UZB,SGP,1,2,5638.0
UZB,THA,1,1,4318.0
UZB,TUR,1,2,3356.0
UZB,UKR,1,1,3103.0
VCT,BRB,1,1,180.0
VCT,GRD,1,1,146.0
VCT,LCA,1,1,98.0
VCT,TTO,1,1,286.0
VEN,ABW,4,11,81.0
VEN,ARG,1,2,5129.0
VEN,BRA,2,3,1611.0
VEN,CHL,1,1,4908.0
VEN,COL,2,5,1025.0
VEN,CUB,2,3,2139.0
VEN,CUW,5,6,137.0
VEN,DEU,1,1,8077.0
VEN,DOM,1,1,898.0
VEN,ECU,1,1,2012.0
VEN,ESP,2,4,5620.0
VEN,FXX,1,1,7633.0
VEN,GRD,1,1,267.0
VEN,GUY,1,1,535.0
VEN,ITA,1,1,8335.0
VEN,MEX,1,1,3576.0
VEN,PAN,4,6,855.0
VEN,PER,1,2,2753.0
VEN,PMD,1,1,5676.0
VEN,PRI,1,1,878.0
VEN,PRX,2,2,6502.0
VEN,TTO,2,2,289.0
VEN,USA,7,9,1919.0
VGB,DMA,1,2,472.0
VGB,KNA,1,1,248.0
VGB,PRI,2,6,154.0
VGB,SXM,1,4,158.0
VGB,VIR,2,3,47.0
VIR,AIA,1,1,203.0
VIR,BLM,1,1,230.0
VIR,DMA,1,1,499.0
VIR,KNA,1,1,282.0
VIR,PRI,3,9,80.0
VIR,SXM,2,3,183.0
VIR,USA,10,20,1781.0
VIR,VGB,2,3,47.0
VNM,ARE,2,3,5619.0
VNM,AUS,2,4,6699.0
VNM,CHN,17,23,289.0
VNM,DEU,2,4,8712.0
VNM,FXX,2,6,9158.0
VNM,HKG,3,10,846.0
VNM,IDN,1,1,1884.0
VNM,JPN,10,20,2783.0
VNM,KAZ,1,1,4606.0
VNM,KHM,5,14,213.0
VNM,KOR,5,13,2684.0
VNM,LAO,4,6,338.0
VNM,MAC,2,2,811.0
VNM,MMR,2,2,1124.0
VNM,MYS,2,6,1050.0
VNM,PHL,2,4,1611.0
VNM,QAT,1,1,5995.0
VNM,RUS,5,6,6693.0
VNM,SGP,3,12,1093.0
VNM,THA,4,10,716.0
VNM,TWN,6,13,1507.0
VUT,AUS,3,7,1894.0
VUT,FJI,1,2,966.0
VUT,NCL,1,2,528.0
VUT,NZL,1,2,2239.0
VUT,SLB,1,3,1282.0
WLF,FJI,1,1,846.0
WLF,NCL,1,1,2101.0
WLS,CYP,1,1,3464.0
WLS,DEU,1,1,702.0
WLS,ENG,2,2,200.0
WLS,ESP,5,11,1197.0
WLS,FXX,2,3,505.0
WLS,GRC,2,2,2885.0
WLS,IRL,1,1,300.0
WLS,JEY,1,3,257.0
WLS,MLT,1,1,2233.0
WLS,NIR,1,1,396.0
WLS,NLX,1,2,566.0
WLS,SCT,2,4,503.0
WLS,TUR,1,1,3006.0
WSM,FJI,1,1,1210.0
WSM,NZL,1,3,2891.0
WSM,USA,1,1,4200.0
YEM,ARE,9,12,1122.0
YEM,BHR,1,2,1372.0
YEM,DJI,2,2,260.0
YEM,EGY,5,6,2079.0
YEM,ERI,2,2,570.0
YEM,ETH,1,1,932.0
YEM,IND,1,1,3053.0
YEM,JOR,3,5,1990.0
YEM,KEN,1,1,2032.0
YEM,KWT,2,3,1576.0
YEM,LBN,1,1,2220.0
YEM,QAT,2,2,1333.0
YEM,SAU,12,16,653.0
YEM,SDN,1,1,1250.0
YEM,SOL,1,1,272.0
YEM,SOX,1,1,1203.0
YEM,TUR,1,1,3536.0
ZAF,AGO,2,3,2490.0
ZAF,ARE,4,10,6299.0
ZAF,AUS,2,4,8310.0
ZAF,BRA,1,2,7439.0
ZAF,BWA,6,9,293.0
ZAF,CHE,1,2,8419.0
ZAF,COD,2,3,1619.0
ZAF,COG,2,2,2800.0
ZAF,DEU,2,6,8444.0
ZAF,EGY,1,2,6265.0
ZAF,ENG,2,9,9075.0
ZAF,ETH,1,2,4068.0
ZAF,FXX,1,2,8738.0
ZAF,GAB,1,1,3581.0
ZAF,GHA,1,1,4674.0
ZAF,HKG,1,2,10675.0
ZAF,IND,1,3,6964.0
ZAF,ISR,1,1,6504.0
ZAF,KEN,1,2,2912.0
ZAF,LSO,1,1,376.0
ZAF,MDG,1,2,2135.0
ZAF,MOZ,9,15,433.0
ZAF,MUS,3,5,2856.0
ZAF,MWI,2,3,1356.0
ZAF,NAM,4,9,1165.0
ZAF,NGA,1,2,4524.0
ZAF,NLX,2,3,9017.0
ZAF,QAT,2,2,6243.0
ZAF,REU,1,1,2835.0
ZAF,RWA,1,2,2695.0
ZAF,SAU,1,1,5446.0
ZAF,SEN,1,3,6717.0
ZAF,SGP,1,4,8656.0
ZAF,SWZ,1,1,308.0
ZAF,SYC,1,2,3756.0
ZAF,THA,1,2,8996.0
ZAF,TUR,1,1,7496.0
ZAF,TZA,1,1,2436.0
ZAF,TZZ,1,1,2502.0
ZAF,UGA,1,1,2946.0
ZAF,USA,2,5,12831.0
ZAF,ZMB,5,7,958.0
ZAF,ZWE,4,9,682.0
ZMB,AGO,1,1,1804.0
ZMB,ARE,1,1,5373.0
ZMB,BWA,1,1,1059.0
ZMB,COD,1,2,199.0
ZMB,ETH,2,2,2688.0
ZMB,KEN,2,6,1586.0
ZMB,MWI,2,6,598.0
ZMB,NAM,1,2,1401.0
ZMB,NLX,1,3,7860.0
ZMB,ZAF,5,7,958.0
ZMB,ZWE,2,10,403.0
ZWE,BWA,2,2,328.0
ZWE,ETH,1,2,3110.0
ZWE,KEN,1,3,1954.0
ZWE,MWI,1,1,543.0
ZWE,NAM,2,2,999.0
ZWE,TZA,1,1,1511.0
ZWE,ZAF,4,9,682.0
ZWE,ZMB,1,11,403.0
